,Smiles,Tc,Pc,Vc,MW,e1,e2,e3,RHS (M3/KMOL),Pc,Error,Prc1%,Prc5%,Prc10%
0,NCC(=O)O,1028,67.4,234,75,-0.1367178,3.903615825,-0.010432889,0.895527095,10.47734948,84.4549711,0,0,0
1,OCC(O)CO,723,66.8,264,92,-0.167707168,3.958894221,-0.019256806,1.014202749,16.8714458,74.74334461,0,0,0
2,CCCCCCCCCCCCCCCC(=O)O,785.22,14.68,1059,256,-0.466663424,5.070147699,-0.414897364,4.431034886,67.87027852,362.3315975,0,0,0
3,CCCCCCCCCCCCCCCCCC(=O)O,805.09,13.27,1251,284,-0.517704736,5.364550428,-0.566468546,5.334375611,79.69021071,500.5290935,0,0,0
4,OCC(O)C,626,60.99,239,76,-0.138540704,3.906555958,-0.010855793,0.914897497,17.57777582,71.17924935,0,0,0
5,OCCc1ccccc1,684,39.19,387,122,-0.222394288,4.083898555,-0.044905576,1.502255395,26.41517459,32.59715594,0,0,0
6,CCOCC,466.7,36.39,280,74,-0.134894896,3.900714634,-0.010021113,1.071603225,27.61607961,24.11080073,0,0,0
7,O=C(N)C,761,66,215,59,-0.107551336,3.861869829,-0.005078984,0.820251469,12.96367621,80.35806635,0,0,0
8,Nc1ccccc1,699,53.1,287,93,-0.169530072,3.962496371,-0.019891596,1.10338084,18.98515195,64.24641817,0,0,0
9,OCC,513.92,61.47,167,46,-0.083853584,3.835291805,-0.002407101,0.635748038,14.87836896,75.79572318,0,0,0
10,O=C(O)C,591.95,57.85,179.7,60,-0.10937424,3.864186888,-0.005341639,0.685520822,13.92840674,75.92323813,0,0,0
11,CCOS(=O)(=O)OCC,749,64.8,398,154,-0.280727216,4.255867133,-0.090319795,1.55904701,25.03474707,61.36613106,0,0,0
12,O=C(O)c1ccccc1,751,44.69,344,122,-0.222394288,4.083898555,-0.044905576,1.333638276,21.35816462,52.20817942,0,0,0
13,O=CCCCCC,591,34.6,369,100,-0.1822904,3.9888018,-0.02472981,1.422317211,28.94508301,16.34369072,0,0,0
14,OC(C)C,508.3,47.61,220,60,-0.10937424,3.864186888,-0.005341639,0.839485763,19.86364937,58.27840921,0,0,0
15,O=C(C)C,508.2,47,209,58,-0.105728432,3.859591713,-0.004825083,0.797211262,18.86707515,59.85728691,0,0,0
16,O=S(C)C,729,56.49,227,78,-0.142186512,3.912553051,-0.011735581,0.869087233,14.33843186,74.61775207,0,0,0
17,O=C(O)c1ccccc1O,739,51.8,326,138,-0.251560752,4.164898248,-0.064991721,1.266030237,20.6046601,60.22266389,0,0,0
18,OCCC,536.78,51.74,219,60,-0.10937424,3.864186888,-0.005341639,0.835669592,18.72423522,63.81090989,0,0,0
19,OCCCC,563.05,44.23,275,74,-0.134894896,3.900714634,-0.010021113,1.052473985,22.48175559,49.17079903,0,0,0
20,OCCCCC,586.15,38.8,326,88,-0.160415552,3.944875044,-0.016852673,1.252128268,25.69247046,33.78229263,0,0,0
21,c1ccccc1,562.16,48.97,259,78,-0.142186512,3.912553051,-0.011735581,0.992077646,21.22518764,56.65675384,0,0,0
22,ClC(Cl)(Cl)C,545,43,281,133,-0.242446232,4.138514934,-0.058180266,1.085598634,23.95734024,44.28525526,0,0,0
23,BrC,467,80,156,94,-0.171352976,3.966137463,-0.020540185,0.594007214,15.29821124,80.87723595,0,0,0
24,BrCC,503.8,62.29,215,108,-0.196873632,4.021201677,-0.031152438,0.824305439,19.67867336,68.40797342,0,0,0
25,CCC,369.83,42.47,200,44,-0.080207776,3.831787011,-0.002106584,0.761042507,24.74985118,41.72392,0,0,0
26,C#CC,402.39,56.27,164,40,-0.07291616,3.825244728,-0.001582708,0.623796275,18.64495813,66.86518904,0,0,0
27,ClCC,460.35,52.7,155,64,-0.116665856,3.873844544,-0.006482771,0.591160236,15.44482106,70.69293916,0,0,0
28,C=CCl,432,56.7,179,62,-0.113020048,3.868937832,-0.005893806,0.68302479,19.01597224,66.46213008,0,0,0
29,C=CF,327.8,52.4,144,46,-0.083853584,3.835291805,-0.002407101,0.548136131,20.11153856,61.61920123,0,0,0
30,ICC,561,59.9,238,155,-0.28255012,4.261883697,-0.092090721,0.90623283,19.42865537,67.56484913,0,0,0
31,NCC,456.15,56.19,207,45,-0.08203068,3.833519937,-0.002253504,0.78777019,20.77101305,63.03432452,0,0,0
32,O=CC,466,55.49,154,44,-0.080207776,3.831787011,-0.002106584,0.586086408,15.12660784,72.73993901,0,0,0
33,SCC,499.15,54.89,207,62,-0.113020048,3.868937832,-0.005893806,0.790133529,19.0386097,65.31497595,0,0,0
34,ICI,747,54.7,272,267,-0.486715368,5.182164822,-0.470711234,0.902828447,14.53618522,73.42562118,0,0,0
35,CSC,503.04,55.3,201,62,-0.113020048,3.868937832,-0.005893806,0.767196575,18.34298244,66.83004984,0,0,0
36,C1CC1,397.91,54.94,162.8,42,-0.076561968,3.828437985,-0.001832182,0.619408336,18.72224856,65.92237247,0,0,0
37,BrC(C)C,532,55.09,266,122,-0.222394288,4.083898555,-0.044905576,1.025675709,23.18805133,57.90878321,0,0,0
38,CC(C)C,408.14,36.48,262.7,58,-0.105728432,3.859591713,-0.004825083,1.001793205,29.52124957,19.075522,0,0,0
39,ClC(C)C,489,45.39,247,78,-0.142186512,3.912553051,-0.011735581,0.945990366,23.26717569,48.73942345,0,0,0
40,IC(C)C,578,51.19,290,169,-0.308070776,4.350204516,-0.119366069,1.116284488,23.2280561,54.6238404,0,0,0
41,NC(C)C,471.85,45.39,221,59,-0.107551336,3.861869829,-0.005078984,0.843141334,21.49127771,52.65195482,0,0,0
42,SC(C)C,517,47.5,254,76,-0.138540704,3.906555958,-0.010855793,0.972471328,22.62309804,52.37242518,0,0,0
43,ClC(Cl)C,523,50.69,240,98,-0.178644592,3.981091252,-0.023275499,0.921896473,21.20050858,58.17615194,0,0,0
44,FC(F)C,386.44,45.19,179,66,-0.120311664,3.878907024,-0.007109721,0.68335973,21.26831696,52.93578898,0,0,0
45,CN(C)C,433.25,40.7,254,59,-0.107551336,3.861869829,-0.005078984,0.968897171,26.89706741,33.91383929,0,0,0
46,BrC(F)(F)F,340.15,39.7,200,148,-0.269789792,4.220585536,-0.0801689,0.753156615,26.63058058,32.92045194,0,0,0
47,NC(C)(C)C,483.9,38.4,293,73,-0.133071992,3.897852385,-0.009620316,1.121026335,27.86288022,27.4404161,0,0,0
48,OC(C)(C)C,506.21,39.72,275,74,-0.134894896,3.900714634,-0.010021113,1.052473985,25.00612885,37.04398578,0,0,0
49,SC(C)(C)C,530,40.59,307,90,-0.16406136,3.951806748,-0.018028031,1.179714021,26.77112898,34.0450136,0,0,0
50,ClC(F)(F)C,410.2,41.23,231,100,-0.1822904,3.9888018,-0.02472981,0.886956208,26.00592685,36.92474691,0,0,0
51,CCC(C)(C)C,488.78,30.8,359,86,-0.156769744,3.938099108,-0.015729544,1.377843394,33.90410203,10.07825335,0,0,0
52,OCC(C)(C)C,550,38.8,327,88,-0.160415552,3.944875044,-0.016852673,1.255968392,27.46514115,29.21355374,0,0,0
53,CCC(O)(C)C,543.7,37.1,327,88,-0.160415552,3.944875044,-0.016852673,1.255968392,27.78338722,25.11216383,0,0,0
54,N#CC(O)(C)C,620,42.49,296,85,-0.15494684,3.934769553,-0.015187195,1.135928771,22.03561749,48.13928574,0,0,0
55,OOC(C)(C)C,552,43.39,290,90,-0.16406136,3.951806748,-0.018028031,1.114198365,24.27667778,44.05006273,0,0,0
56,O=C(C)C(C)(C)C,564,33.2,368,100,-0.1822904,3.9888018,-0.02472981,1.418462757,30.24855609,8.88989129,0,0,1
57,O=C(O)C(F)(F)F,491.25,32.58,204,114,-0.207811056,4.047137156,-0.036638302,0.780329413,19.10474427,41.36051482,0,0,0
58,ClC(F)(F)C(Cl)(F)F,418.85,32.6,294,170,-0.30989368,4.356805212,-0.121497557,1.132617206,32.52298882,0.236230602,1,1,1
59,ClC(F)(F)C(F)(F)F,353.15,31.56,252,154,-0.280727216,4.255867133,-0.090319795,0.964331422,32.84225149,4.062900782,0,1,1
60,FC(F)(F)C(F)(F)F,292.8,29.79,224,138,-0.251560752,4.164898248,-0.064991721,0.855323174,35.13378841,17.93819539,0,0,0
61,COS(=O)(=O)OC,716,70.09,293,126,-0.229685904,4.103213866,-0.049468918,1.133054439,19.0328388,72.84514368,0,0,0
62,O=S1(=O)CC=CC1,800,53.49,287,118,-0.215102672,4.065206318,-0.040631869,1.108364552,16.66320187,68.84800549,0,0,0
63,OCC(CO)(CO)CC,709,39.1,416,134,-0.244269136,4.143713712,-0.059502495,1.62201017,27.51523033,29.62856693,0,0,0
64,CCOP(=O)(OCC)OCC,750,45.99,489,182,-0.331768528,4.439051054,-0.149085341,1.942277802,31.14697672,32.2744581,0,0,0
65,CCC(C)C,460.43,33.81,305.8,72,-0.131249088,3.895029079,-0.009230352,1.16959596,30.55188858,9.63653186,0,0,1
66,C=CC(=C)C,484,38.5,276,68,-0.123957472,3.884125274,-0.007775844,1.054800148,26.21142518,31.91837617,0,0,0
67,C#CC(=C)C,492,43.79,248,66,-0.120311664,3.878907024,-0.007109721,0.947459572,23.1612183,47.10843046,0,0,0
68,NCC(C)C,513.73,42.15,312.6,73,-0.133071992,3.897852385,-0.009620316,1.195844709,27.99662458,33.57858938,0,0,0
69,N#CC(C)C,565,37.59,278,69,-0.125780376,3.886792812,-0.008123965,1.062683626,22.62149776,39.82043692,0,0,0
70,OCC(C)C,547.78,43,273,74,-0.134894896,3.900714634,-0.010021113,1.044820401,22.9404159,46.65019558,0,0,0
71,O=CC(C)C,507,41,263,72,-0.131249088,3.895029079,-0.009230352,1.006083927,23.8666831,41.7885778,0,0,0
72,CCC(Cl)C,520.6,39.5,305,92,-0.167707168,3.958894221,-0.019256806,1.172604972,27.09027305,31.41703025,0,0,0
73,CCC(O)C,536.05,41.79,269,74,-0.134894896,3.900714634,-0.010021113,1.029509994,23.09888846,44.72627792,0,0,0
74,CCC(=O)C,535.5,41.49,267,72,-0.131249088,3.895029079,-0.009230352,1.021385796,22.94014473,44.70921973,0,0,0
75,NCC(O)C,614,56.69,278,75,-0.1367178,3.903615825,-0.010432889,1.064206212,20.84602401,63.22804021,0,0,0
76,N#CC(O)C,643,50.29,243,71,-0.129426184,3.892244714,-0.008851071,0.929321908,17.38285139,65.43477552,0,0,0
77,CCC(Cl)Cl,560,42.4,291,112,-0.204165248,4.038336228,-0.034743603,1.123123322,24.12155125,43.10954895,0,0,0
78,ClCC(Cl)Cl,602,44.79,281,133,-0.242446232,4.138514934,-0.058180266,1.085598634,21.6889542,51.57634695,0,0,0
79,CCC(=O)O,600.81,46.16,233,74,-0.134894896,3.900714634,-0.010021113,0.891522088,17.84681698,61.33705159,0,0,0
80,C=CC(=O)O,615,56.6,208,72,-0.131249088,3.895029079,-0.009230352,0.795257336,15.55243457,72.5222004,0,0,0
81,CNC(=O)C,718,49.8,267,73,-0.133071992,3.897852385,-0.009620316,1.021619701,17.11317652,65.63619173,0,0,0
82,COC(=O)C,506.55,47.5,228,74,-0.134894896,3.900714634,-0.010021113,0.872329448,20.71209497,56.39558954,0,0,0
83,CCN(=O)=O,593,51.59,236,75,-0.1367178,3.903615825,-0.010432889,0.903205812,18.31883475,64.49150078,0,0,0
84,CC(C)C(C)C,499.98,31.26,357.8,86,-0.156769744,3.938099108,-0.015729544,1.373252522,33.03418435,5.675573751,0,0,1
85,O=C(O)C(C)C,605,36.99,292,88,-0.160415552,3.944875044,-0.016852673,1.121373168,22.29259369,39.73345854,0,0,0
86,ClC(Cl)C(Cl)Cl,645,40.89,325,167,-0.304424968,4.33711995,-0.115178175,1.262230921,23.53666442,42.43906964,0,0,0
87,O=C(O)C(=C)C,662,47.9,280,86,-0.156769744,3.938099108,-0.015729544,1.074647458,19.52422668,59.23961027,0,0,0
88,O=N(=O)C(C)C,594,44.49,288,89,-0.162238456,3.948321425,-0.017433749,1.106226114,22.3987239,49.65447538,0,0,0
89,Oc1ccc(cc1)C(C)(C)c2ccc(O)cc2,849,29.3,677,228,-0.415622112,4.806275623,-0.293106413,2.770250517,39.24435261,33.93977001,0,0,0
90,CC1=CCC2CC1C2(C)C,632,27.59,504,136,-0.247914944,4.154228096,-0.062206749,1.968549849,37.46236176,35.78239131,0,0,0
91,COC(=O)C(=C)C,566,36.8,323,100,-0.1822904,3.9888018,-0.02472981,1.244634996,26.44791204,28.13067379,0,0,0
92,c1cc2cccc3CCc(c1)c23,803.15,31,553,154,-0.280727216,4.255867133,-0.090319795,2.177325821,32.60562836,5.179446314,0,0,1
93,CCOC(=O)c1ccccc1C(=O)OCC,757,23.29,635,222,-0.404684688,4.753703707,-0.270570038,2.584852832,41.0682084,76.334085,0,0,0
94,CCCCOC(=O)c1ccccc1C(=O)OCCCC,781,17.49,846,278,-0.506767312,5.298893947,-0.531318781,3.588844025,55.26744209,215.9945231,0,0,0
95,c1ccc2c(c1)ccc3ccccc23,869.25,29,554,178,-0.324476912,4.411012699,-0.139469995,2.204643884,30.50419464,5.186878078,0,0,1
96,c1ccc2c(c1)Cc3ccccc23,870,46.99,400,166,-0.302602064,4.33063608,-0.113121471,1.570716631,21.71422854,53.78968176,0,0,0
97,c1ccc2c(c1)Nc3ccccc23,899,32.6,482,167,-0.304424968,4.33711995,-0.115178175,1.904588415,25.48045985,21.83908023,0,0,0
98,CCC(CC)C(=O)O,655,34.09,389,116,-0.211456864,4.056093852,-0.038600662,1.507221983,27.67589885,18.81519845,0,0,0
99,O=N(=O)c1ccccc1C,720,37.99,441,137,-0.249737848,4.159543701,-0.063589071,1.722200434,28.7684864,24.27352882,0,0,0
100,O=N(=O)c1ccccc1Cl,757,39.8,432,157,-0.286195928,4.274033651,-0.095701719,1.69726979,26.96626615,32.24556244,0,0,0
101,O=N(=O)c1ccccc1N,784,44.19,406,138,-0.251560752,4.164898248,-0.064991721,1.584490699,24.30745254,44.99331853,0,0,0
102,O=C(O)c1ccccc1C(=O)O,800,39.49,424,166,-0.302602064,4.33063608,-0.113121471,1.668667639,25.08682333,36.47297206,0,0,0
103,O=Cc1ccccc1O,680,49.89,342,122,-0.222394288,4.083898555,-0.044905576,1.325775604,23.44914032,52.99831566,0,0,0
104,COc1ccccc1O,697,47.29,353,124,-0.226040096,4.093478326,-0.047150449,1.36968077,23.63482522,50.0215157,0,0,0
105,Cc1cccc2ccccc12,772.04,36.59,465,142,-0.258852368,4.186705857,-0.070808568,1.820039302,28.3535067,22.51023039,0,0,0
106,c1ccc2ccccc2c1,748.35,40.5,413,128,-0.233331712,4.113105175,-0.051862171,1.60705111,25.82799782,36.22716589,0,0,0
107,c1ccc2cccnc2c1,782.15,46.6,469,129,-0.235154616,4.118109242,-0.053087211,1.826581179,28.08760725,39.72616471,0,0,0
108,COc1ccccc1N(=O)=O,782,37.59,422,153,-0.278904312,4.249889512,-0.088571719,1.65521326,25.45733975,32.27629755,0,0,0
109,Cc1ccc2ccccc2c1,761,34.99,465,142,-0.258852368,4.186705857,-0.070808568,1.820039302,28.76483747,17.79126188,0,0,0
110,C1CCC(CC1)C2CCCCC2,727,25.59,598,166,-0.302602064,4.33063608,-0.113121471,2.368387197,39.18177521,53.11361943,0,0,0
111,c1ccc(cc1)c2ccccc2,789.26,38.5,502,154,-0.280727216,4.255867133,-0.090319795,1.975381125,30.10208803,21.81275836,0,0,0
112,CCC(O)c1ccccc1,677,34.9,440,136,-0.247914944,4.154228096,-0.062206749,1.71765728,30.51502012,12.56441226,0,0,0
113,COC(=O)c1ccccc1,693,35.9,369,136,-0.247914944,4.154228096,-0.062206749,1.436947072,24.93867365,30.53294248,0,0,0
114,CCOC(=O)c1ccccc1,698,31.79,489,150,-0.2734356,4.2321903,-0.083463109,1.920693754,33.0954672,4.106534146,0,1,1
115,c1ccc2SC=Cc2c1,754,41.4,349,134,-0.244269136,4.143713712,-0.059502495,1.356901366,21.64426032,47.71917796,0,0,0
116,Cc1ccccc1C,630.33,37.34,369,106,-0.193227824,4.012868055,-0.029453599,1.424984619,27.18992528,27.18284605,0,0,0
117,Oc1ccccc1C,697.55,50.1,282,108,-0.196873632,4.021201677,-0.031152438,1.087170256,18.74511175,62.58460729,0,0,0
118,Clc1ccccc1C,656,39.1,354,126,-0.229685904,4.103213866,-0.049468918,1.374285471,25.19642533,35.55901451,0,0,0
119,Clc1ccccc1Cl,705,40.7,351,147,-0.267966888,4.214841568,-0.07855481,1.367840791,23.33523877,42.66526101,0,0,0
120,Clc1ccccc1N,722,45.9,364,127,-0.231508808,4.108140049,-0.050656122,1.414032865,23.55527185,48.68132496,0,0,0
121,Nc1ccccc1C,694.15,37.49,373,107,-0.195050728,4.017015395,-0.030295081,1.440914449,24.96609871,33.40597837,0,0,0
122,Nc1ccccc1N,781,51.8,315,108,-0.196873632,4.021201677,-0.031152438,1.215991304,18.72600996,63.84940162,0,0,0
123,Clc1ccccc1O,675,49.99,325,128,-0.233331712,4.113105175,-0.051862171,1.260251349,22.45531818,55.08037972,0,0,0
124,Cc1ccc(C)c(C)c1,649.13,32.31,430,120,-0.21874848,4.074474552,-0.042733112,1.668844352,30.92074629,4.299763886,0,1,1
125,Oc1ccc(C)c(C)c1,729.95,49.99,350,122,-0.222394288,4.083898555,-0.044905576,1.357215618,22.36256164,55.26592991,0,0,0
126,Clc1ccc(C)c(Cl)c1,705,35.9,404,161,-0.293487544,4.298800865,-0.103204446,1.58560924,27.05034858,24.65083961,0,0,0
127,Nc1ccc(C)c(N)c1,804,43.79,376,122,-0.222394288,4.083898555,-0.044905576,1.459199066,21.82852091,50.15181341,0,0,0
128,Cc1ccc(C)c(O)c1,707.05,48.99,350,122,-0.222394288,4.083898555,-0.044905576,1.357215618,23.08684232,52.87437778,0,0,0
129,CCOC(=O)C(=O)OCC,646,30.9,416,146,-0.266143984,4.209136541,-0.076962532,1.627980456,30.30975904,1.910164921,0,1,1
130,Cc1cc(C)c(C)cc1C,675.15,29.4,482,134,-0.244269136,4.143713712,-0.059502495,1.881017932,33.50876939,13.97540609,0,0,0
131,CCC(C)CC,504.43,31.23,366.4,86,-0.156769744,3.938099108,-0.015729544,1.406143794,33.52699594,7.355094271,0,0,1
132,CCC(=O)CC,560.95,37.4,336,86,-0.156769744,3.938099108,-0.015729544,1.289773079,27.65380973,26.05933226,0,0,0
133,C=CC(=O)OC,536,42.49,270,86,-0.156769744,3.938099108,-0.015729544,1.036128701,23.24955951,45.28227934,0,0,0
134,CC1CCCC1,532.79,37.84,319,84,-0.153123936,3.93147894,-0.014657457,1.22390228,27.62844827,26.98613036,0,0,0
135,O=C1OCCO1,790,67.7,193,88,-0.160415552,3.944875044,-0.016852673,0.738532891,11.24368229,83.39190208,0,0,0
136,CN1C=CC=C1,610,47.69,283,81,-0.147655224,3.921840756,-0.013142435,1.08491294,21.39098923,55.14575545,0,0,0
137,CCOC(=O)C(C)C,553.15,30.39,410,116,-0.211456864,4.056093852,-0.038600662,1.588851919,34.54668031,13.67778977,0,0,0
138,CCOC(=O)C(=C)C,577,32.49,375,114,-0.207811056,4.047137156,-0.036638302,1.451814702,30.2622484,6.856730056,0,0,1
139,CC(C)COC(=O)C(C)C,602,26.1,494,144,-0.262498176,4.197843315,-0.073842817,1.935832776,38.67560912,48.18241042,0,0,0
140,CC(C)COC(=O)C(=C)C,612,26.7,493,142,-0.258852368,4.186705857,-0.070808568,1.93032361,37.9353867,42.08009999,0,0,0
141,CCCCOC(=O)C(=C)C,616,26.29,481,142,-0.258852368,4.186705857,-0.070808568,1.883108606,36.76719268,39.85238751,0,0,0
142,OCC(CC)CC,580,33.99,380,102,-0.185936208,3.996668116,-0.026243472,1.465641224,30.39243476,10.58418723,0,0,0
143,OCC1OCCC1,639,46.6,290,102,-0.185936208,3.996668116,-0.026243472,1.117153046,21.02701531,54.87764955,0,0,0
144,OCC1=CC=CO1,632,53.49,263,98,-0.178644592,3.981091252,-0.023275499,1.011394832,19.24728455,64.01704141,0,0,0
145,O=CC1=CC=CO1,670.15,56.6,252,96,-0.174998784,3.973536473,-0.021879353,0.968338715,17.37885216,69.2953142,0,0,0
146,CC(C)(C)c1ccccc1,660,29.7,492,134,-0.244269136,4.143713712,-0.059502495,1.920075888,34.98970437,17.81045244,0,0,0
148,Oc1ccc(cc1)C(C)(C)C,734,33.39,493,150,-0.2734356,4.2321903,-0.083463109,1.93654846,31.73204958,4.965410054,0,1,1
149,CC(C)c1ccccc1,631.1,32.08,427,120,-0.21874848,4.074474552,-0.042733112,1.65718333,31.5818954,1.552695129,0,1,1
150,C=C(C)c1ccccc1,654,33.6,399,118,-0.215102672,4.065206318,-0.040631869,1.547140891,28.45233617,15.32042806,0,0,0
151,OC(C)c1ccccc1,668,39.89,387,122,-0.222394288,4.083898555,-0.044905576,1.502255395,27.04787338,32.19384964,0,0,0
152,O=C(C)c1ccccc1,709.5,38.4,386,120,-0.21874848,4.074474552,-0.042733112,1.497421417,25.38384782,33.89622963,0,0,0
153,O=N(=O)c1ccccc1,719,44,349,123,-0.224217192,4.088668969,-0.046018887,1.353616705,22.64293031,48.53879476,0,0,0
154,Cc1cccc(c1)N(=O)=O,734,37.99,441,137,-0.249737848,4.159543701,-0.063589071,1.722200434,28.21976868,25.71790293,0,0,0
155,Nc1cccc(c1)N(=O)=O,815,44.19,406,138,-0.251560752,4.164898248,-0.064991721,1.584490699,23.38287459,47.08559721,0,0,0
156,CC(C)c1cccc(c1)C(C)C,684,24.5,600,162,-0.295310448,4.305090024,-0.10513948,2.371602773,41.70149865,70.21019857,0,0,0
157,O=N(=O)c1cccc(c1)N(=O)=O,805,38.5,434,168,-0.306247872,4.343642762,-0.117259658,1.710197676,25.55149094,33.63249106,0,0,0
158,Cc1ccc(cc1)C(C)C,653.15,28,497,134,-0.244269136,4.143713712,-0.059502495,1.939586545,35.71593686,27.55691737,0,0,0
159,Cc1ccc(cc1)C(=O)O,773,38.59,397,136,-0.247914944,4.154228096,-0.062206749,1.547948179,24.08478304,37.5880201,0,0,0
160,Cc1ccc(cc1)N(=O)=O,736,37.99,441,137,-0.249737848,4.159543701,-0.063589071,1.722200434,28.14308452,25.91975645,0,0,0
161,Clc1ccc(cc1)N(=O)=O,751,39.8,432,157,-0.286195928,4.274033651,-0.095701719,1.69726979,27.18170902,31.70424869,0,0,0
162,Nc1ccc(cc1)N(=O)=O,851,44.19,406,138,-0.251560752,4.164898248,-0.064991721,1.584490699,22.39370481,49.32404433,0,0,0
163,CC(C)c1ccc(cc1)C(C)C,689,24.5,598,162,-0.295310448,4.305090024,-0.10513948,2.363700157,41.26092663,68.41194544,0,0,0
164,O=N(=O)c1ccc(cc1)N(=O)=O,803,38.5,434,168,-0.306247872,4.343642762,-0.117259658,1.710197676,25.61513102,33.46719216,0,0,0
165,C=CC1CC=CCC1,599,34.29,379,108,-0.196873632,4.021201677,-0.031152438,1.464603872,29.4075721,14.23863488,0,0,0
166,CCc1ccccc1,617.2,36.05,374,106,-0.193227824,4.012868055,-0.029453599,1.444331118,28.14535078,21.9269049,0,0,0
167,C=Cc1ccccc1,636,38.4,352,104,-0.189582016,4.004690201,-0.027817673,1.358343308,25.68728751,33.1060221,0,0,0
168,ClCc1ccccc1,686,39.1,360,126,-0.229685904,4.103213866,-0.049468918,1.39792078,24.50892484,37.31732778,0,0,0
169,NCc1ccccc1,683.5,43.19,373,107,-0.195050728,4.017015395,-0.030295081,1.440914449,25.35510961,41.2940273,0,0,0
170,N#Cc1ccccc1,699.35,42.15,339,103,-0.187759112,4.000659688,-0.027022931,1.307623238,22.48815705,46.64731422,0,0,0
171,OCc1ccccc1,720.15,45.49,335,108,-0.196873632,4.021201677,-0.031152438,1.29385598,21.60870733,52.49789552,0,0,0
172,O=Cc1ccccc1,695,46.5,324,106,-0.193227824,4.012868055,-0.029453599,1.250431366,21.63918349,53.46412153,0,0,0
173,SCc1ccccc1,712,40.59,367,124,-0.226040096,4.093478326,-0.047150449,1.424710982,24.06648105,40.70834923,0,0,0
174,CNC1CCCCC1,622,34.9,393,113,-0.205988152,4.042717221,-0.035682569,1.521290635,29.41627128,15.71268974,0,0,0
175,CNc1ccccc1,701.55,51.97,373,107,-0.195050728,4.017015395,-0.030295081,1.440914449,24.7027545,52.46728016,0,0,0
176,COc1ccccc1,645.6,42.49,337,108,-0.196873632,4.021201677,-0.031152438,1.301633785,24.2488477,42.93045964,0,0,0
177,C=Cc1cccc(C)c1,657,32.9,407,118,-0.215102672,4.065206318,-0.040631869,1.57827556,28.89237724,12.18122419,0,0,0
178,Nc1ccc(cc1)Nc2ccccc2,867,31.9,596,184,-0.335414336,4.453303884,-0.15405445,2.380970126,33.02939843,3.540433935,0,1,1
179,c1ccc(cc1)Cc2ccccc2,768,29.19,547,168,-0.306247872,4.343642762,-0.117259658,2.167080813,33.93748866,16.26409271,0,0,0
180,c1ccc(cc1)Oc2ccccc2,766.8,30.79,503,170,-0.30989368,4.356805212,-0.121497557,1.991569575,31.23771036,1.454077159,0,1,1
181,CCCN(CCC)CCC,577.5,22.29,576,143,-0.260675272,4.192255115,-0.072315084,2.255938064,46.98302749,110.7807424,0,0,0
182,OCCN(CCO)CCO,772.1,27.42,472,149,-0.271612696,4.226368447,-0.08180495,1.852529994,28.85742069,5.242234467,0,0,1
183,CCCCN(CCCC)CCCC,644,18,735,185,-0.33723724,4.460488713,-0.156579883,2.939695333,54.90125478,205.006971,0,0,0
184,c1ccc(cc1)CCc2ccccc2,780,26.49,616,182,-0.331768528,4.439051054,-0.149085341,2.459478549,37.92400991,43.16349533,0,0,0
185,c1ccc(cc1)C=Cc2ccccc2,820,27.4,607,180,-0.32812272,4.424953992,-0.144224252,2.420826333,35.50713222,29.58807381,0,0,0
186,c1ccc(cc1)COCc2ccccc2,777,25.59,634,198,-0.360934992,4.55743522,-0.191962479,2.552371465,39.50833037,54.38972401,0,0,0
187,CCCc1ccccc1,638.38,32,440,120,-0.21874848,4.074474552,-0.042733112,1.707685985,32.17322208,0.541319016,1,1,1
188,CCNc1ccccc1,698.55,35.8,426,121,-0.220571384,4.079167082,-0.043810367,1.653886398,28.47567275,20.45901466,0,0,0
189,O=CNc1ccccc1,787,41.1,382,121,-0.220571384,4.079167082,-0.043810367,1.4822448,22.65223289,44.88507813,0,0,0
190,O=C=Nc1ccccc1,648,40.59,341,119,-0.216925576,4.069820964,-0.041673662,1.320910964,24.51683216,39.59883675,0,0,0
191,CCOc1ccccc1,647.15,34.2,390,122,-0.222394288,4.083898555,-0.044905576,1.513988689,28.13736926,17.72699048,0,0,0
192,CCCCc1ccccc1,660.55,28.86,497,134,-0.244269136,4.143713712,-0.059502495,1.939586545,35.31581888,22.36943479,0,0,0
193,O=COCc1ccccc1,698,35.9,397,136,-0.247914944,4.154228096,-0.062206749,1.547948179,26.67268953,25.70281468,0,0,0
194,CCCCC(CO)CC,640.25,27.29,485,130,-0.23697752,4.123152252,-0.054331393,1.889654413,35.49756914,30.07537244,0,0,0
195,O=Cc1ccc(C)cc1,698,36.69,416,120,-0.21874848,4.074474552,-0.042733112,1.614392565,27.81759252,24.18208636,0,0,0
196,CCc1ccc(CC)cc1,657.96,28.02,497,134,-0.244269136,4.143713712,-0.059502495,1.939586545,35.45483641,26.53403428,0,0,0
197,CCCC(C)CO,582,33.99,380,102,-0.185936208,3.996668116,-0.026243472,1.465641224,30.2879934,10.89145807,0,0,0
198,N#CCC(=O)OC,687,38.1,305,99,-0.180467496,3.984927055,-0.02399531,1.174619453,20.5639371,46.0264118,0,0,0
199,CCOC(=O)CC,546,33.61,345,102,-0.185936208,3.996668116,-0.026243472,1.330475971,29.30759676,12.80096173,0,0,0
200,C=COC(=O)CC,546,36.8,323,100,-0.1822904,3.9888018,-0.02472981,1.244634996,27.41670003,25.49809774,0,0,0
201,CCOC(=O)CCl,618,37.89,327,122,-0.222394288,4.083898555,-0.044905576,1.266748853,24.65289122,34.93562623,0,0,0
202,COC(=O)CC(=O)C,642,37.1,343,116,-0.211456864,4.056093852,-0.038600662,1.327761841,24.87430585,32.95335349,0,0,0
203,CCC(C)OC(=O)C,561,31.69,389,116,-0.211456864,4.056093852,-0.038600662,1.507221983,32.31321523,1.966599036,0,1,1
204,N#CCC(=O)OCC,679,33.39,358,113,-0.205988152,4.042717221,-0.035682569,1.385209931,24.53644486,26.51558892,0,0,0
205,CCOC(C)OCC,541,29.79,402,118,-0.215102672,4.065206318,-0.040631869,1.558819618,34.65488107,16.33058433,0,0,0
206,CCOC(=O)OCC,576,33.9,356,118,-0.215102672,4.065206318,-0.040631869,1.379320328,28.80105975,15.04112167,0,0,0
207,OCCN(C)CCO,675,38.8,368,119,-0.216925576,4.069820964,-0.041673662,1.426643524,25.42011502,34.48423964,0,0,0
208,CCCOC(=O)CCC,594,28,442,130,-0.23697752,4.123152252,-0.054331393,1.721805027,34.86288644,24.51030873,0,0,0
209,Cc1ccc(O)c(C)c1,707.65,44,390,122,-0.222394288,4.083898555,-0.044905576,1.513988689,25.73178621,41.51866769,0,0,0
210,CCCC(=O)OC(=O)CCC,644,26.4,501,158,-0.288018832,4.280167041,-0.097542086,1.974528586,36.87596323,39.68167889,0,0,0
211,CCCCC(=O)CC,600,29.19,421,114,-0.207811056,4.047137156,-0.036638302,1.630373802,32.68148279,11.96122914,0,0,0
212,CCCOC(=O)CC,568.6,30.6,389,116,-0.211456864,4.056093852,-0.038600662,1.507221983,31.88131155,4.187292643,0,1,1
213,Brc1ccc(C)cc1,699,43.7,379,171,-0.311716584,4.36344485,-0.123654268,1.485316048,25.55686111,41.51748031,0,0,0
214,Cc1ccc(C)cc1,616.23,35.11,379,106,-0.193227824,4.012868055,-0.029453599,1.463667956,28.5670597,18.63554627,0,0,0
215,Clc1ccc(C)cc1,660,39.1,360,126,-0.229685904,4.103213866,-0.049468918,1.39792078,25.47442794,34.84801039,0,0,0
216,Oc1ccc(C)cc1,704.65,51.5,277,108,-0.196873632,4.021201677,-0.031152438,1.067614509,18.22245247,64.61659715,0,0,0
217,Clc1ccc(Cl)cc1,684.75,40.7,351,147,-0.267966888,4.214841568,-0.07855481,1.367840791,24.02532798,40.96971013,0,0,0
218,Clc1ccc(N)cc1,754,45.9,364,127,-0.231508808,4.108140049,-0.050656122,1.414032865,22.55557861,50.85930586,0,0,0
219,Clc1ccc(O)cc1,738,53.19,325,128,-0.233331712,4.113105175,-0.051862171,1.260251349,20.53840077,61.38672537,0,0,0
220,Nc1ccc(C)cc1,693.15,40,373,107,-0.195050728,4.017015395,-0.030295081,1.440914449,25.00211703,37.49470743,0,0,0
221,Nc1ccc(N)cc1,796,51.8,317,108,-0.196873632,4.021201677,-0.031152438,1.223784859,18.49089033,64.30330052,0,0,0
222,C=CC(=O)OCC(C)C,587,29.49,433,128,-0.233331712,4.113105175,-0.051862171,1.685365241,34.53200113,17.09732495,0,0,0
223,CCC1OC1,526,43.9,258,72,-0.131249088,3.895029079,-0.009230352,0.986950686,22.56708808,48.59433239,0,0,0
224,BrCCBr,650.15,54.76,261.6,187,-0.340883048,4.474975197,-0.161713248,0.985612082,18.23300566,66.70378806,0,0,0
225,CCCC,425.12,37.96,255,58,-0.105728432,3.859591713,-0.004825083,0.972495813,27.51325783,27.5203956,0,0,0
226,C=CCC,419.95,40.42,239.3,56,-0.102082624,3.855152307,-0.00434295,0.912349287,26.12939574,35.35528021,0,0,0
227,C=CC=C,425.17,42.77,220.4,54,-0.098436816,3.850868669,-0.003894055,0.840055717,23.76354858,44.43874543,0,0,0
228,C#CCC,443.2,49.5,222,54,-0.098436816,3.850868669,-0.003894055,0.84614743,22.96212637,53.61186591,0,0,0
229,SCCC,536.6,46.3,254,76,-0.138540704,3.906555958,-0.010855793,0.972471328,21.7967605,52.92276349,0,0,0
230,ClCCCl,561.6,53.7,220,98,-0.178644592,3.981091252,-0.023275499,0.843918178,18.07336658,66.34382387,0,0,0
231,ICCC,593,50.29,290,169,-0.308070776,4.350204516,-0.119366069,1.116284488,22.64049987,54.98011558,0,0,0
232,NCCC,496.95,47.39,260,59,-0.107551336,3.861869829,-0.005078984,0.991736702,24.00211464,49.3519421,0,0,0
233,C=CCN,505,51.7,247,57,-0.103905528,3.857352539,-0.004579788,0.941847117,22.43132096,56.61253199,0,0,0
234,N#CCC,564.4,41.79,229,55,-0.10025972,3.852991017,-0.004114422,0.872962801,18.60263854,55.48543063,0,0,0
235,N#CC=C,535,44.79,212,53,-0.096613912,3.848785264,-0.0036817,0.80791856,18.1626669,59.44928131,0,0,0
236,NCCN,593,62.89,264,60,-0.10937424,3.864186888,-0.005341639,1.007180752,20.42765616,67.5184351,0,0,0
237,C=CCO,545.05,56.19,208,58,-0.105728432,3.859591713,-0.004825083,0.793395759,17.50730692,68.84266431,0,0,0
238,OCCO,719.7,76.99,191,62,-0.113020048,3.868937832,-0.005893806,0.728950235,12.18182041,84.17739913,0,0,0
239,ClCOC,521,50.29,214,80,-0.14583232,3.918705912,-0.012661663,0.819262866,18.91260542,62.39291028,0,0,0
240,O=COC,487.2,59.99,172,60,-0.10937424,3.864186888,-0.005341639,0.656062778,16.19585702,73.00240537,0,0,0
241,C=C(C)CC(C)(C)C,553,26.29,465,112,-0.204165248,4.038336228,-0.034743603,1.798937113,39.12520852,48.82163757,0,0,0
242,CC(C)=CC(C)(C)C,558,26.29,470,112,-0.204165248,4.038336228,-0.034743603,1.818174321,39.18926657,49.06529697,0,0,0
243,OC(C)CC(O)(C)C,621,40.1,398,118,-0.215102672,4.065206318,-0.040631869,1.543247122,29.88888337,25.46413124,0,0,0
244,CCCC(C)C,497.5,30.09,366.4,86,-0.156769744,3.938099108,-0.015729544,1.406143794,33.9940152,12.97446062,0,0,0
245,CCCC(=O)C,561.08,36.94,301,86,-0.156769744,3.938099108,-0.015729544,1.155434792,24.76774498,32.95142129,0,0,0
246,OCCC(O)C,643,49.99,292,90,-0.16406136,3.951806748,-0.018028031,1.121911011,20.98520676,58.02119072,0,0,0
247,CCCC(=O)O,615.7,40.64,291.7,88,-0.160415552,3.944875044,-0.016852673,1.120217796,21.88261044,46.154994,0,0,0
248,SCCC(=O)O,729,50.2,281,106,-0.193227824,4.012868055,-0.029453599,1.082904862,17.86605185,64.41025527,0,0,0
249,COCC(O)C,553,43.39,294,90,-0.16406136,3.951806748,-0.018028031,1.129622345,24.56823503,43.37811701,0,0,0
250,OCCN(C)C,571.82,41.4,300,89,-0.162238456,3.948321425,-0.017433749,1.152461217,24.24000991,41.44925143,0,0,0
251,CCCN(=O)=O,605,43.49,288,89,-0.162238456,3.948321425,-0.017433749,1.106226114,21.99147438,49.43326195,0,0,0
252,C=COC(=O)C,519.13,39.57,270,86,-0.156769744,3.938099108,-0.015729544,1.036128701,24.00509294,39.3351202,0,0,0
253,CC(C)CC(C)C,519.79,27.36,418,100,-0.1822904,3.9888018,-0.02472981,1.610738835,37.27031166,36.22189935,0,0,0
254,O=C(C)CC(C)C,571.4,32.69,369,100,-0.1822904,3.9888018,-0.02472981,1.422317211,29.937949,8.418632607,0,0,1
255,OC(C)CC(C)C,574.4,34.69,380,102,-0.185936208,3.996668116,-0.026243472,1.465641224,30.68873983,11.53433314,0,0,0
256,CC(C)NC(C)C,523.1,32,418,101,-0.184113304,3.992715487,-0.025479148,1.611306913,37.04753911,15.77355972,0,0,0
257,CC(C)OC(C)C,500.05,28.79,386,102,-0.185936208,3.996668116,-0.026243472,1.488766669,35.8079139,24.37622055,0,0,0
258,O=C(C)OC(C)C,532,32.9,336,102,-0.185936208,3.996668116,-0.026243472,1.295645561,29.29141784,10.96833484,0,0,0
259,O=C(C)OC(=O)C,606,40,290,102,-0.185936208,3.996668116,-0.026243472,1.117153046,22.1720508,44.569873,0,0,0
260,O=C1CCC(=O)O1,811,67.3,223,100,-0.1822904,3.9888018,-0.02472981,0.855707872,12.69025906,81.14374582,0,0,0
261,O=C1C=CC(=O)O1,721,72.79,219,98,-0.178644592,3.981091252,-0.023275499,0.840015512,14.01257196,80.74931726,0,0,0
262,O=C1OCC(C)O1,778,54.1,246,102,-0.185936208,3.996668116,-0.026243472,0.945684769,14.61950312,72.97688887,0,0,0
263,Cc1cccc(C)c1,617.05,35.36,376,106,-0.193227824,4.012868055,-0.029453599,1.452067012,28.30297695,19.95764438,0,0,0
264,Oc1cccc(C)c1,705.85,45.6,312,108,-0.196873632,4.021201677,-0.031152438,1.204298018,20.52047302,54.99896268,0,0,0
265,Clc1cccc(N)c1,751,45.9,364,127,-0.231508808,4.108140049,-0.050656122,1.414032865,22.64568079,50.66300482,0,0,0
266,Clc1cccc(O)c1,729,53.19,320,128,-0.233331712,4.113105175,-0.051862171,1.240438318,20.46508063,61.5245711,0,0,0
267,Nc1cccc(C)c1,709.15,41.54,373,107,-0.195050728,4.017015395,-0.030295081,1.440914449,24.4380137,41.16992368,0,0,0
268,Nc1cccc(N)c1,824,51.8,377,108,-0.196873632,4.021201677,-0.031152438,1.456859141,21.26454853,58.94874801,0,0,0
269,Oc1cccc(O)c1,810,74.9,300,110,-0.20051944,4.029691068,-0.032915377,1.157945194,17.19367845,77.04448805,0,0,0
270,Cc1cccc(C)n1,623.75,37.8,316,107,-0.195050728,4.017015395,-0.030295081,1.219604799,23.5165918,37.78679418,0,0,0
271,C=Cc1cccc(C=C)c1,692,31.19,440,130,-0.23697752,4.123152252,-0.054331393,1.71397675,29.7895983,4.489906047,0,1,1
272,CCOC(=O)CC(C)C,587.95,28.4,442,130,-0.23697752,4.123152252,-0.054331393,1.721805027,35.22162522,24.01980711,0,0,0
273,Cc1cc(C)cc(C)c1,637.36,31.26,433,120,-0.21874848,4.074474552,-0.042733112,1.680501436,31.71172733,1.445065034,0,1,1
274,Oc1cc(C)cc(C)c1,715.65,36.47,480,122,-0.222394288,4.083898555,-0.044905576,1.864126086,31.32855928,14.09772613,0,0,0
275,CC(C)CC(O)CC(C)C,603,25.5,538,144,-0.262498176,4.197843315,-0.073842817,2.108618364,42.05779379,64.93252468,0,0,0
276,CC(C)CC(=O)CC(C)C,615,24.8,522,142,-0.258852368,4.186705857,-0.070808568,2.044118761,39.97576867,61.1926156,0,0,0
277,Brc1ccccc1,670.15,45.19,324,157,-0.286195928,4.274033651,-0.095701719,1.259041481,22.59611788,49.99752627,0,0,0
278,CC1CCCCC1,572.19,34.7,368,98,-0.178644592,3.981091252,-0.023275499,1.417573316,29.79689984,14.12997164,0,0,0
279,Cc1ccccc1,591.8,41.05,316,92,-0.167707168,3.958894221,-0.019256806,1.215007201,24.69276401,39.84710351,0,0,0
280,Cc1ccncc1,646.15,46.6,325.6,93,-0.169530072,3.962496371,-0.019891596,1.252324431,23.31037818,49.97772923,0,0,0
281,Clc1ccccc1,632.35,45.19,308,112,-0.204165248,4.038336228,-0.034743603,1.189696023,22.62790267,49.92719038,0,0,0
282,NC1CCCCC1,615,42,360,99,-0.180467496,3.984927055,-0.02399531,1.387189842,27.1285511,35.40821168,0,0,0
283,OC1CCCCC1,650,42.6,322,100,-0.1822904,3.9888018,-0.02472981,1.240763772,22.95839706,46.10704916,0,0,0
284,O=C1CCCCC1,653,40,311,98,-0.178644592,3.981091252,-0.023275499,1.197565197,22.05727205,44.85681987,0,0,0
285,Oc1ccccc1,694.25,61.29,256,94,-0.171352976,3.966137463,-0.020540185,0.983561217,17.03928325,72.19891786,0,0,0
286,Sc1ccccc1,689,47.39,315,110,-0.20051944,4.029691068,-0.032915377,1.216540768,21.23602658,55.18880231,0,0,0
287,Cc1cnccc1,645,43.79,320,93,-0.169530072,3.962496371,-0.019891596,1.230747364,22.9495944,47.59170039,0,0,0
288,Cc1ncccc1,621,43.79,320,93,-0.169530072,3.962496371,-0.019891596,1.230747364,23.83653525,45.56625886,0,0,0
289,CCCCOC(=O)CCC,616,25.4,494,144,-0.262498176,4.197843315,-0.073842817,1.935832776,37.796618,48.80558269,0,0,0
290,CCCCC(=O)O,639.16,35.72,336.2,102,-0.185936208,3.996668116,-0.026243472,1.296419897,24.39506135,31.70475545,0,0,0
291,CCCOC(=O)C,549.73,33.6,345,102,-0.185936208,3.996668116,-0.026243472,1.330475971,29.10874035,13.36684419,0,0,0
292,BrCCCC,577,45.39,319,137,-0.249737848,4.159543701,-0.063589071,1.237891796,25.80314759,43.15235163,0,0,0
293,CCCCC,469.7,33.69,313,72,-0.131249088,3.895029079,-0.009230352,1.197055408,30.65204875,9.017367906,0,0,1
294,C=CCCC,464.78,35.13,295,70,-0.12760328,3.889499292,-0.008482325,1.127815291,29.18477583,16.92349608,0,0,0
295,ClCCCC,537,38.19,300,92,-0.167707168,3.958894221,-0.019256806,1.153317815,25.83095898,32.36198225,0,0,0
296,NCCCC,531.9,42,310,73,-0.133071992,3.897852385,-0.009620316,1.185925705,26.8159574,36.15248239,0,0,0
297,N#CCCC,582.25,37.89,278,69,-0.125780376,3.886792812,-0.008123965,1.062683626,21.95130311,42.06570834,0,0,0
298,N#CCC=C,584,38.8,259,67,-0.122134568,3.881496678,-0.007437812,0.989676919,20.38198181,47.46911905,0,0,0
299,N#CCCO,690,48.9,243,71,-0.129426184,3.892244714,-0.008851071,0.929321908,16.19880209,66.87361535,0,0,0
300,SCCCC,570.1,39.7,307,90,-0.16406136,3.951806748,-0.018028031,1.179714021,24.88808693,37.30960471,0,0,0
301,OCCNC,630,52.19,253,75,-0.1367178,3.903615825,-0.010432889,0.968430745,18.4881661,64.57527093,0,0,0
302,OCCOC,564,50.1,242,76,-0.138540704,3.906555958,-0.010855793,0.926417251,19.75574194,60.56738136,0,0,0
303,CCNCC,496.6,37.1,301,73,-0.133071992,3.897852385,-0.009620316,1.151576796,27.89022418,24.82419359,0,0,0
304,C=COCC,475.15,40.7,263,72,-0.131249088,3.895029079,-0.009230352,1.006083927,25.4665018,37.4287425,0,0,0
305,O=COCC,508.4,47.39,229,74,-0.134894896,3.900714634,-0.010021113,0.876168515,20.72754736,56.26176966,0,0,0
306,C1=CC=CN1,639.75,65.29,230,67,-0.122134568,3.881496678,-0.007437812,0.878845505,16.5222069,74.69412329,0,0,0
307,O1CCCC1,540.15,51.89,224,72,-0.131249088,3.895029079,-0.009230352,0.856670607,19.07503313,63.23948135,0,0,0
308,S1CCCC1,631.95,51.59,249,88,-0.160415552,3.944875044,-0.016852673,0.955475288,18.1845499,64.75179318,0,0,0
309,C1=CC=CS1,579.35,56.9,219,84,-0.153123936,3.93147894,-0.014657457,0.838992454,17.41738125,69.38948814,0,0,0
310,O=C(C)CCC(C)C,601,29.7,421,114,-0.207811056,4.047137156,-0.036638302,1.630373802,32.62710428,9.85556996,0,0,1
311,O=C(O)CCC(=O)O,806,47.09,317,118,-0.215102672,4.065206318,-0.040631869,1.226423081,18.30084271,61.13645634,0,0,0
312,O=C(O)C=CC(=O)O,773,49.89,297,116,-0.211456864,4.056093852,-0.038600662,1.147406814,17.85269337,64.21588822,0,0,0
313,O=C(O)C=CC(=O)O,771,49.8,297,116,-0.211456864,4.056093852,-0.038600662,1.147406814,17.89900386,64.05822519,0,0,0
314,O=C(C)OCC(C)C,560.8,30.09,389,116,-0.211456864,4.056093852,-0.038600662,1.507221983,32.32473921,7.426850136,0,0,1
315,CCCCCCCCCC(=O)OC,671,19.9,653,186,-0.339060144,4.467712484,-0.159132766,2.613705189,46.84895357,135.4218772,0,0,0
316,CCCCCC(=O)C,611.55,29.19,421,114,-0.207811056,4.047137156,-0.036638302,1.630373802,32.06424605,9.846680537,0,0,1
317,CCCCCC,507.6,30.24,371,86,-0.156769744,3.938099108,-0.015729544,1.423727281,33.73424605,11.55504648,0,0,0
318,ClCCCCCl,641,36.1,343,127,-0.231508808,4.108140049,-0.050656122,1.331199135,24.97760608,30.80995546,0,0,0
319,ClCC=CCCl,646,37.8,330,124,-0.226040096,4.093478326,-0.047150449,1.279081632,23.81395668,37.0001146,0,0,0
320,NCCCCC,555,35.8,365,87,-0.158592648,3.941467605,-0.016284654,1.401222516,30.36546522,15.18026476,0,0,0
321,N#CCCCC,603,32.6,331,83,-0.151301032,3.92822727,-0.014140184,1.26952635,25.32154626,22.32654523,0,0,0
322,N#CCCC#N,770,35.39,300,80,-0.14583232,3.918705912,-0.012661663,1.149825202,17.96002402,49.25113304,0,0,0
323,O=CCCCC,566.1,39.7,313,86,-0.156769744,3.938099108,-0.015729544,1.201536902,25.5275875,35.69877204,0,0,0
324,OCCCCO,667,48.8,297,90,-0.16406136,3.951806748,-0.018028031,1.141186884,20.57769627,57.83258962,0,0,0
325,OCC#CCO,695,58.6,256,86,-0.156769744,3.938099108,-0.015729544,0.982149766,16.99646983,70.99578527,0,0,0
326,SCCCCC,598,34.69,359,104,-0.189582016,4.004690201,-0.027817673,1.385432589,27.86442145,19.67592548,0,0,0
327,N#CCCOC,638,36.29,324,85,-0.15494684,3.934769553,-0.015187195,1.243412441,23.44014774,35.40879653,0,0,0
328,COCCOC,536.15,38.7,270.6,90,-0.16406136,3.951806748,-0.018028031,1.039317586,23.3145899,39.75558165,0,0,0
329,O=COCCC,538,40.19,285,88,-0.160415552,3.944875044,-0.016852673,1.094406961,24.46596702,39.12424229,0,0,0
330,OCCSCC,641,43.19,325,106,-0.193227824,4.012868055,-0.029453599,1.25431883,23.53508262,45.5080282,0,0,0
331,OCCOCC,569,42.4,294,90,-0.16406136,3.951806748,-0.018028031,1.129622345,23.87738835,43.68540484,0,0,0
332,CCSSCC,642,38.7,358,122,-0.222394288,4.083898555,-0.044905576,1.388627165,26.01455754,32.77892108,0,0,0
333,C1CCCCC1,553.58,40.72,308,84,-0.153123936,3.93147894,-0.014657457,1.181712107,25.67421116,36.94938321,0,0,0
334,C1=CCCCC1,560.4,43.49,291,82,-0.149478128,3.925014542,-0.013635226,1.115886048,23.94900839,44.93214903,0,0,0
335,n1ccccc1,619.95,56.3,254,79,-0.144009416,3.91561001,-0.012192761,0.97308127,18.87809921,66.46874031,0,0,0
336,N1CCCCC1,594.05,46.5,308,85,-0.15494684,3.934769553,-0.015187195,1.182022951,23.93143405,48.53455042,0,0,0
337,N1CCOCC1,618,53.4,276,87,-0.158592648,3.941467605,-0.016284654,1.059479451,20.61910821,61.38743782,0,0,0
338,O=C(O)CCCC(=O)O,807,40.4,363,132,-0.240623328,4.133355098,-0.056877772,1.411823434,21.04130474,47.91756252,0,0,0
339,CC(C)CNCC(C)C,580,25.7,524,129,-0.235154616,4.118109242,-0.053087211,2.040234218,42.30754728,64.62080655,0,0,0
340,OC(C)CNCC(O)C,672,35.99,454,133,-0.242446232,4.138514934,-0.058180266,1.770733467,31.69200657,11.9421879,0,0,0
341,CCCCCCC(=O)C,624,26.4,469,128,-0.233331712,4.113105175,-0.051862171,1.82586028,35.19239036,33.30450893,0,0,0
342,CCCCCCC(=O)O,683.5,28.29,429.7,130,-0.23697752,4.123152252,-0.054331393,1.673631106,29.45011771,4.100804907,0,1,1
343,CCOCCOC(=O)C,597,24.59,441,132,-0.240623328,4.133355098,-0.056877772,1.719135161,34.63390862,40.84550069,0,0,0
344,O=C(O)CCCCCC(=O)O,805,31.39,469,160,-0.29166464,4.292550648,-0.101293302,1.847758106,27.60673528,12.05245212,0,0,0
345,NCCCCCC,584,31.79,418,101,-0.184113304,3.992715487,-0.025479148,1.611306913,33.18419128,4.385628443,0,1,1
346,OCCCCCC,611.35,35.09,381,102,-0.185936208,3.996668116,-0.026243472,1.469496394,28.9097558,17.61255117,0,0,0
347,OCCCCCO,673,41.49,345,104,-0.189582016,4.004690201,-0.027817673,1.331235447,23.79061253,42.65940581,0,0,0
348,SCCCCCC,623,30.79,412,118,-0.215102672,4.065206318,-0.040631869,1.597720746,30.84456449,0.177214988,1,1,1
349,C=COCCCC,536,31.19,364,100,-0.1822904,3.9888018,-0.02472981,1.403041296,31.48266435,0.938327521,1,1,1
350,NCCNCCN,676,42.19,342,103,-0.187759112,4.000659688,-0.027022931,1.319241625,23.47164159,44.36681301,0,0,0
351,OCCNCCO,736.6,42.7,349,105,-0.19140492,4.008759657,-0.028627846,1.347115963,21.9957656,48.48766838,0,0,0
352,CCCOCCC,530.6,30.27,382,102,-0.185936208,3.996668116,-0.026243472,1.473351193,33.39679943,10.3296975,0,0,0
353,OCCOCCO,744.6,45.99,312,106,-0.193227824,4.012868055,-0.029453599,1.203751664,19.44373456,57.72182091,0,0,0
354,CCCSCCC,608,30.79,412,118,-0.215102672,4.065206318,-0.040631869,1.597720746,31.60553237,2.648692332,0,1,1
355,OCCSCCO,731,46.09,343,122,-0.222394288,4.083898555,-0.044905576,1.329707163,21.87784021,52.53234928,0,0,0
356,N1CCCCCC1,624,42.7,361,99,-0.180467496,3.984927055,-0.02399531,1.391044652,26.81157313,37.20943061,0,0,0
357,O=C(C)OCCOC(=O)C,653,30.9,416,146,-0.266143984,4.209136541,-0.076962532,1.627980456,29.98484585,2.961663919,0,1,1
358,CCCCCCCC,568.7,24.89,486,114,-0.207811056,4.047137156,-0.036638302,1.881186216,39.78454307,59.84147478,0,0,0
359,C=CCCCCCC,566.65,25.67,460,112,-0.204165248,4.038336228,-0.034743603,1.779689696,37.77419411,47.15307407,0,0,0
360,NCCCCCCC,607,28.49,471,115,-0.20963396,4.051596033,-0.03761095,1.824185374,36.14482224,26.86845294,0,0,0
361,N#CCCCCC#N,781,28.3,406,108,-0.196873632,4.021201677,-0.031152438,1.56900358,24.16232467,14.62076087,0,0,0
362,OCCCCCCC,631.9,31.49,435,116,-0.211456864,4.056093852,-0.038600662,1.685787239,32.08634299,1.893753545,0,1,1
363,O=CCCCCCC,617,31.79,421,114,-0.207811056,4.047137156,-0.036638302,1.630373802,31.78102054,0.028246189,1,1,1
364,OCCOCCCC,600,32.39,400,118,-0.215102672,4.065206318,-0.040631869,1.55103423,31.09108994,4.010219384,0,1,1
365,OCCOCCOC,630,35.39,367,120,-0.21874848,4.074474552,-0.042733112,1.423136035,27.16887658,23.23007465,0,0,0
366,C1=CCCC=CCC1,645,38.99,366,108,-0.196873632,4.021201677,-0.031152438,1.414234971,26.3710652,32.36454167,0,0,0
367,CCCCCCCCC,594.6,22.9,544,128,-0.233331712,4.113105175,-0.051862171,2.116615791,42.81371778,86.95946628,0,0,0
368,NCCCCCCCC,627,25.8,524,129,-0.235154616,4.118109242,-0.053087211,2.040234218,39.13616814,51.69057419,0,0,0
369,OCCCCCCCC,652.5,28.59,490,130,-0.23697752,4.123152252,-0.054331393,1.909114908,35.18984614,23.0844566,0,0,0
370,SCCCCCCCC,667.3,25.19,518,146,-0.266143984,4.209136541,-0.076962532,2.031957378,36.6234526,45.3888551,0,0,0
371,OCCOCCOCC,632,31.39,420,134,-0.244269136,4.143713712,-0.059502495,1.637768189,31.16744258,0.709007398,1,1,1
372,CCCCNCCCC,602.3,25.7,512,129,-0.235154616,4.118109242,-0.053087211,1.993740349,39.81269254,54.91320053,0,0,0
373,COCCOCCOC,608,28.59,422,134,-0.244269136,4.143713712,-0.059502495,1.645644267,32.55353809,13.86337211,0,0,0
374,CCCCCCCCC(=O)O,709.5,23.5,560,158,-0.288018832,4.280167041,-0.097542086,2.209028751,37.44680623,59.34811164,0,0,0
375,CCCCCCCOC(=O)C,637,23.29,547,158,-0.288018832,4.280167041,-0.097542086,2.157531458,40.73648188,74.90975475,0,0,0
376,CCCCCCCCOC(=O)C,652,21.5,600,172,-0.313539488,4.370123431,-0.125836352,2.383363491,43.96514416,104.4890426,0,0,0
377,NCCCCCCCCC,648,23.59,577,143,-0.260675272,4.192255115,-0.072315084,2.25982976,41.94368013,77.80279835,0,0,0
378,OCCOCCOCCO,769.5,33.2,443,150,-0.2734356,4.2321903,-0.083463109,1.737735731,27.1606977,18.19066957,0,0,0
379,OCCCCCCCCCC,684.4,23.69,600,158,-0.288018832,4.280167041,-0.097542086,2.366871359,41.59397902,75.57610392,0,0,0
380,O=CCCCCCCCCC,674.2,25.99,580,156,-0.284373024,4.267939203,-0.093884646,2.285857006,40.77801919,56.89888109,0,0,0
381,OCCOCCOCCCC,654,25.59,526,162,-0.295310448,4.305090024,-0.10513948,2.077632559,38.20822031,49.30918448,0,0,0
382,CCCCCCCCCCC(=O)O,732,20.79,653,186,-0.339060144,4.467712484,-0.159132766,2.613705189,42.9448741,106.565051,0,0,0
383,CCCCCCCCCCCC,658,18.19,716,170,-0.30989368,4.356805212,-0.121497557,2.839106121,51.89452574,185.2915104,0,0,0
384,C=CCCCCCCCCCC,657.6,19.3,684,168,-0.306247872,4.343642762,-0.117259658,2.710512086,49.57415937,156.8609294,0,0,0
385,OCCCCCCCCCCC,703,21.46,661,172,-0.313539488,4.370123431,-0.125836352,2.625823249,44.92374766,109.337128,0,0,0
386,OCCCCCCCCCCCC,719.4,19.93,716,186,-0.339060144,4.467712484,-0.159132766,2.865928155,47.91380714,140.4104724,0,0,0
387,O=CCCCCCCCCCCC,708,24.1,685,184,-0.335414336,4.453303884,-0.15405445,2.739073919,46.53034899,93.07198751,0,0,0
388,SCCCCCCCCCCCC,724,18.39,729,202,-0.368226608,4.588588948,-0.203833184,2.945557443,48.93220035,166.0804804,0,0,0
389,CCCCCCOCCCCCC,658,18.16,698,186,-0.339060144,4.467712484,-0.159132766,2.794139089,51.07259704,181.2367679,0,0,0
390,OCCCCCCCCCCCCCC,747,18.09,802,214,-0.390101456,4.68578858,-0.242360645,3.264726979,52.56444476,190.5718339,0,0,0
391,CCCCCCCCCCCCCCCCCCCCCC(=O)O,837,11,1485,340,-0.61978736,6.044947848,-0.971980452,6.637996521,95.38440554,767.1309594,0,0,0
392,C=CCCCCCCCCCCCCCCCC,748,13.4,1050,252,-0.459371808,5.030582464,-0.395751347,4.379902822,70.42529776,425.5619236,0,0,0
393,OCCCCCCCCCCCCCCCCCC,790,14.4,1010,270,-0.49218408,5.213532732,-0.48675685,4.276834229,65.1120158,352.1667764,0,0,0
394,CCCCCCCCCCCCCCCCCCCC,768,11.59,1170,282,-0.514058928,5.342509166,-0.554584982,4.992455476,78.18416374,574.5829486,0,0,0
395,C=CC,365.57,46.65,188.4,42,-0.076561968,3.828437985,-0.001832182,0.716728001,23.58031693,49.45269683,0,0,0
396,COC,400.1,53.7,170,46,-0.083853584,3.835291805,-0.002407101,0.647169138,19.4542755,63.77229888,0,0,0
397,C=C(C)C,417.9,40,238.9,56,-0.102082624,3.855152307,-0.00434295,0.910826753,26.21375415,34.46561463,0,0,0
398,OCC(=O)C,596,57.39,228,74,-0.134894896,3.900714634,-0.010021113,0.872329448,17.60354313,69.32646257,0,0,0
399,O=C(O)c1ccccc1C,751,38.59,397,136,-0.247914944,4.154228096,-0.062206749,1.547948179,24.79032928,35.75970644,0,0,0
400,O=C(O)c1ccccc1Cl,792,40.29,383,156,-0.284373024,4.267939203,-0.093884646,1.499021674,22.76399835,43.49963178,0,0,0
401,COC(=O)c1ccccc1O,701,40.89,410,152,-0.277081408,4.243950832,-0.086846345,1.606596112,27.5647786,32.58797114,0,0,0
402,O=C(c1ccccc1)c2ccccc2,816,30.09,542,182,-0.331768528,4.439051054,-0.149085341,2.15941868,31.82823164,5.776775142,0,0,1
403,C1CCc2ccccc2C1,720.15,36.2,441,132,-0.240623328,4.133355098,-0.056877772,1.719135161,28.71130104,20.68701369,0,0,0
404,n1ccc2ccccc2c1,803.15,49.8,403,129,-0.235154616,4.118109242,-0.053087211,1.568319588,23.48571129,52.83993716,0,0,0
405,c1ccc2cc3ccccc3cc2c1,873,29,554,178,-0.324476912,4.411012699,-0.139469995,2.204643884,30.37316288,4.735044409,0,1,1
406,Oc1ccccc1O,764,74.9,300,110,-0.20051944,4.029691068,-0.032915377,1.157945194,18.22889993,75.66234989,0,0,0
407,O=C1CCCC1,634.56,53.29,258,84,-0.153123936,3.93147894,-0.014657457,0.989471568,18.75410926,64.8074512,0,0,0
408,CN1CCCC1,550,42,300,85,-0.15494684,3.934769553,-0.015187195,1.151298456,25.1762503,40.05654691,0,0,0
409,O=N(=O)c1ccc(C)c(c1)N(=O)=O,814,33.99,487,182,-0.331768528,4.439051054,-0.149085341,1.934047312,28.57646499,15.92684617,0,0,0
410,CCN(CC)CC,535.15,30.39,390,101,-0.184113304,3.992715487,-0.025479148,1.503676258,33.79439126,11.20234044,0,0,0
411,CN(C)c1ccccc1,687.15,36.27,465,121,-0.220571384,4.079167082,-0.043810367,1.805309279,31.59845718,12.87990851,0,0,0
412,Clc1cccc(c1)N(=O)=O,742,39.8,432,157,-0.286195928,4.274033651,-0.095701719,1.69726979,27.5114063,30.87586357,0,0,0
413,c1ccc(cc1)Nc2ccccc2,817,31.79,539,169,-0.308070776,4.350204516,-0.119366069,2.135893135,31.4429495,1.09169707,0,1,1
414,CCCCC(C=O)CC,607,25.8,491,128,-0.233331712,4.113105175,-0.051862171,1.911420628,37.87332132,46.79581905,0,0,0
415,CCc1ccc(O)cc1,716.45,42.89,387,122,-0.222394288,4.083898555,-0.044905576,1.502255395,25.21875835,41.20130952,0,0,0
416,O=Cc1ccc(O)cc1,844,49.89,361,122,-0.222394288,4.083898555,-0.044905576,1.400399156,19.95607873,59.99984218,0,0,0
417,CCCC(=O)CCC,595,29.19,421,114,-0.207811056,4.047137156,-0.036638302,1.630373802,32.95611709,12.9020798,0,0,0
418,Oc1ccc(O)cc1,822,74.5,300,110,-0.20051944,4.029691068,-0.032915377,1.157945194,16.94267585,77.25815323,0,0,0
419,O=C(C)CC(O)(C)C,606,35.99,387,116,-0.211456864,4.056093852,-0.038600662,1.499437976,29.75923047,17.31250216,0,0,0
420,OCCC(C)C,577.2,39.29,327,88,-0.160415552,3.944875044,-0.016852673,1.255968392,26.17087254,33.39050002,0,0,0
421,O=C(C)CC(=O)C,646.65,39.59,323,100,-0.1822904,3.9888018,-0.02472981,1.244634996,23.14933614,41.52731462,0,0,0
422,CCC(=O)OC(=O)CC,623,32.69,396,130,-0.23697752,4.123152252,-0.054331393,1.541275032,29.75486002,8.978709026,0,0,1
423,O=CCCC,537.2,43.19,258,72,-0.131249088,3.895029079,-0.009230352,0.986950686,22.09659034,48.83864242,0,0,0
424,N1CCCC1,568.55,56.09,249,71,-0.129426184,3.892244714,-0.008851071,0.95229331,20.14502842,64.08445637,0,0,0
425,CCCCOC(=O)C,579.15,31.09,389,116,-0.211456864,4.056093852,-0.038600662,1.507221983,31.30055037,0.677228593,1,1,1
426,O1CCOCC1,587,52.08,238,88,-0.160415552,3.944875044,-0.016852673,0.912941009,18.70554772,64.08304969,0,0,0
427,O=C(C)OCCC(C)C,599,28.4,442,130,-0.23697752,4.123152252,-0.054331393,1.721805027,34.57187737,21.73196259,0,0,0
428,CCCCCCC(O)C,637.15,27.29,469,130,-0.23697752,4.123152252,-0.054331393,1.827301201,34.493262,26.39524369,0,0,0
429,C=CCNCC=C,556,33.2,392,97,-0.176821688,3.977294392,-0.02257023,1.509358044,32.65000837,1.656601298,0,1,1
430,O=C(O)CCCCC(=O)O,809,35.29,400,146,-0.266143984,4.209136541,-0.076962532,1.564109047,23.25328537,34.10800405,0,0,0
431,CCCCCCCC(=O)O,697.2,25.65,499,144,-0.262498176,4.197843315,-0.073842817,1.955518689,33.73419937,31.51734649,0,0,0
432,NCCCCCCN,660,32.9,475,116,-0.211456864,4.056093852,-0.038600662,1.840333963,33.53656058,1.934834601,0,1,1
433,C=CCCCCCCC,593.25,23.29,528,126,-0.229685904,4.103213866,-0.049468918,2.052995248,41.62133558,78.70904072,0,0,0
434,O=CCCCCCCC,638.1,29.6,474,128,-0.233331712,4.113105175,-0.051862171,1.845325647,34.78164259,17.50554927,0,0,0
435,CCCCCCCCCC,617.7,21.09,600,142,-0.258852368,4.186705857,-0.070808568,2.348028094,45.71845046,116.777859,0,0,0
436,O=CCCCCCCCC,658,27.29,527,142,-0.258852368,4.186705857,-0.070808568,2.063694609,37.72118704,38.22347762,0,0,0
437,CNC,437.2,53.4,180,45,-0.08203068,3.833519937,-0.002253504,0.685122291,18.84750032,64.70505558,0,0,0
438,OCC(C)(C)CO,643,42.4,345,104,-0.189582016,4.004690201,-0.027817673,1.331235447,24.90059445,41.2721829,0,0,0
439,N#CC(=C)C,554,38.8,265,67,-0.122134568,3.881496678,-0.007437812,1.012581908,21.98296223,43.34288086,0,0,0
440,C=CC(=C)Cl,525,42.6,273,88,-0.160415552,3.944875044,-0.016852673,1.048142603,24.01191987,43.63399092,0,0,0
441,O=C(C)N(C)C,658,40.29,321,87,-0.158592648,3.941467605,-0.016284654,1.232584902,22.52977036,44.08098695,0,0,0
442,C=C1CCC2CC1C2(C)C,643,27.59,506,136,-0.247914944,4.154228096,-0.062206749,1.976357517,36.96752301,33.98884745,0,0,0
443,c1cc2ccc3cccc4ccc(c1)c2c34,936,26.1,660,202,-0.368226608,4.588588948,-0.203833184,2.664236012,34.23439525,31.16626531,0,0,0
444,COC(=O)c1ccccc1C(=O)OC,766,27.79,530,194,-0.353643376,4.526904567,-0.180561839,2.119359157,33.27680379,19.74380636,0,0,0
445,c1ccc2c(c1)Sc3ccccc23,897,38.59,512,184,-0.335414336,4.453303884,-0.15405445,2.038110283,27.3275723,29.18483467,0,0,0
446,CCc1ccccc1CC,668,28.79,502,134,-0.244269136,4.143713712,-0.059502495,1.95908499,35.27301878,22.51830072,0,0,0
447,CCC(C)c1ccccc1,664.54,29.49,497,134,-0.244269136,4.143713712,-0.059502495,1.939586545,35.10377729,19.03620648,0,0,0
448,CCCCOC(=O)c1ccccc1,724,25.89,555,178,-0.324476912,4.411012699,-0.139469995,2.208695052,36.69129219,41.71993892,0,0,0
449,OCC(C)CC,565,38.8,327,88,-0.160415552,3.944875044,-0.016852673,1.255968392,26.73597811,31.09283993,0,0,0
450,O=C(O)C=Cc1ccccc1,797,35.39,431,148,-0.269789792,4.220585536,-0.0801689,1.688787044,25.48486763,27.98850628,0,0,0
451,O=C(C)OCc1ccccc1,699,31.79,449,150,-0.2734356,4.2321903,-0.083463109,1.761665446,30.31182431,4.649813429,0,1,1
452,N#CCc1ccccc1,732,34.6,391,117,-0.213279768,4.060630614,-0.039607585,1.515492561,24.90052723,28.03315829,0,0,0
453,CCOC(=O)C=C,553,36.8,323,100,-0.1822904,3.9888018,-0.02472981,1.244634996,27.0696532,26.4411598,0,0,0
454,CCCCOC(=O)C=C,598,29.09,428,128,-0.233331712,4.113105175,-0.051862171,1.665804208,33.50337711,15.17145793,0,0,0
455,NCCO,678.2,71.23,225,61,-0.111197144,3.866542889,-0.005613197,0.858729598,15.22875716,78.62030443,0,0,0
456,CCOC(=O)C,523.3,38.8,286,88,-0.160415552,3.944875044,-0.016852673,1.098260239,25.24180114,34.94381149,0,0,0
457,O=C(O)CC(=O)O,805,56.39,258,104,-0.189582016,4.004690201,-0.027817673,0.992773062,14.83268996,73.69624055,0,0,0
458,CCc1cccc(CC)c1,663,28.79,488,134,-0.244269136,4.143713712,-0.059502495,1.904458568,34.54807195,20.00024991,0,0,0
459,CCOC(=O)CC(=O)C,643,32.69,391,130,-0.23697752,4.123152252,-0.054331393,1.521591778,28.46118608,12.93610864,0,0,0
460,ClCCCCl,603,41.49,291,112,-0.204165248,4.038336228,-0.034743603,1.123123322,22.40144063,46.00761478,0,0,0
461,C1=CCCC1,507,48.01,245,68,-0.123957472,3.884125274,-0.007775844,0.936394301,22.21348084,53.73155418,0,0,0
462,CCCCCC(=O)O,669.6,31.54,377.2,116,-0.211456864,4.056093852,-0.038600662,1.461271891,26.24710449,16.781533,0,0,0
463,CCCCCCC,540.2,27.4,428,100,-0.1822904,3.9888018,-0.02472981,1.649084676,36.71590108,33.99963897,0,0,0
464,CCCNCCC,550,31.39,402,101,-0.184113304,3.992715487,-0.025479148,1.549839031,33.89141641,7.968832141,0,0,1
465,CCCCCCOC(=O)C,618,25.4,494,144,-0.262498176,4.197843315,-0.073842817,1.935832776,37.67429885,48.32401123,0,0,0
466,CCCCOCCCC,581,24.59,487,130,-0.23697752,4.123152252,-0.054331393,1.897440033,39.27875754,59.73467888,0,0,0
467,CCCCCCCCCCCC(=O)O,743.3,18.67,705,200,-0.3645808,4.5729342,-0.19783848,2.844874359,46.03252239,146.5587702,0,0,0
468,OCCCCCCCCC,668.9,25.99,551,144,-0.262498176,4.197843315,-0.073842817,2.159474141,38.82868001,49.39853793,0,0,0
469,SCCCCCCCCCC,696,21.29,624,174,-0.317185296,4.383597418,-0.130277233,2.481583214,42.88302549,101.4233231,0,0,0
470,COc1ccc(O)cc1,758,49.69,342,124,-0.226040096,4.093478326,-0.047150449,1.326380584,21.04576736,57.64586968,0,0,0
471,NCCCO,649,55,245,75,-0.1367178,3.903615825,-0.010432889,0.937746503,17.37827123,68.40314321,0,0,0
472,c1cc2cccc3C=Cc(c1)c23,792,32,544,152,-0.277081408,4.243950832,-0.086846345,2.139864545,32.49577629,1.549300921,0,1,1
473,c1ccc2cc3ccccc3nc2c1,905,36.39,543,179,-0.326299816,4.417963874,-0.141833844,2.160911366,28.71799989,21.08271534,0,0,0
474,C1CCC1,459.93,49.8,210,56,-0.102082624,3.855152307,-0.00434295,0.80073719,20.93939244,57.95302722,0,0,0
475,C1CCCC1,511.76,45.01,258,70,-0.12760328,3.889499292,-0.008482325,0.986514708,23.18478333,48.48970599,0,0,0
476,C1CCCCCC1,604.3,38.4,359,98,-0.178644592,3.981091252,-0.023275499,1.382912367,27.52376752,28.32352207,0,0,0
477,C1CCCCCCC1,640,34.8,396,112,-0.204165248,4.038336228,-0.034743603,1.532421166,28.79810977,17.24681099,0,0,0
478,CCCCCCCCCC(=O)O,720.53,21.61,608,172,-0.313539488,4.370123431,-0.125836352,2.415294432,40.31659327,86.56452231,0,0,0
479,CCSCC,557.15,39.61,318,90,-0.16406136,3.951806748,-0.018028031,1.222055973,26.38060664,33.39912486,0,0,0
480,FCC,375.31,50.27,164,48,-0.087499392,3.838952368,-0.002734919,0.624499886,20.0128086,60.18936025,0,0,0
481,ClC(Br)(F)F,426.15,42.53,246,165,-0.30077916,4.324191153,-0.111089398,0.934459674,26.37326428,37.98903297,0,0,0
482,FC(F)(F)C(F)(F)C(F)(F)C(F)(F)C(F)(F)C(F)(F)F,448.8,18.7,606,338,-0.616141552,6.018545064,-0.954928556,2.466040394,66.086561,253.4040695,0,0,0
483,Fc1c(F)c(F)c(F)c(F)c1F,516.73,32.72,335,186,-0.339060144,4.467712484,-0.159132766,1.299499891,30.24672697,7.558902897,0,0,1
484,FC(F)(F)C,346.25,37.58,194,84,-0.153123936,3.93147894,-0.014657457,0.742286485,25.78383932,31.3894643,0,0,0
485,Fc1ccccc1,560.09,45.5,269,96,-0.174998784,3.973536473,-0.021879353,1.034338871,22.21113963,51.18430851,0,0,0
486,CCOCOCC,524,32.79,349,104,-0.189582016,4.004690201,-0.027817673,1.346727928,30.91109533,5.73011489,0,0,1
487,CC(C)(C)C,433.78,31.99,303.6,72,-0.131249088,3.895029079,-0.009230352,1.161202859,32.19618299,0.644523249,1,1,1
488,CC(C)C(C)(C)C,531.17,29.53,398,100,-0.1822904,3.9888018,-0.02472981,1.533937778,34.73281794,17.6187536,0,0,0
489,Cc1ccc(C)c(C)c1C,693,31.09,475,134,-0.244269136,4.143713712,-0.059502495,1.853648295,32.17065597,3.475895677,0,1,1
490,C1CCC2CCCCC2C1,702.25,32.39,480,138,-0.251560752,4.164898248,-0.064991721,1.87619984,32.13313967,0.793023559,1,1,1
491,C1CCC2CCCCC2C1,687.05,29.7,480,138,-0.251560752,4.164898248,-0.064991721,1.87619984,32.84403949,10.58599155,0,0,0
492,c1ccc2CCCc2c1,684.9,39.49,381,118,-0.215102672,4.065206318,-0.040631869,1.476987219,25.93673984,34.32073982,0,0,0
493,CCCCC(=O)CCCC,640,24.1,527,142,-0.258852368,4.186705857,-0.070808568,2.063694609,38.78209543,60.92155779,0,0,0
494,CC#CC,473.2,48.69,221,54,-0.098436816,3.850868669,-0.003894055,0.842340169,21.40960182,56.0287496,0,0,0
495,O=C(O)CC(C)C,634,38.89,336,102,-0.185936208,3.996668116,-0.026243472,1.295645561,24.57891844,36.79887262,0,0,0
496,O1COCCC1,590,51.5,239,88,-0.160415552,3.944875044,-0.016852673,0.916809366,18.68929178,63.71011304,0,0,0
497,CCCCCCCCCCCCCCCCC(=O)O,795.08,13.94,1130,270,-0.49218408,5.213532732,-0.48675685,4.776065285,72.24790206,418.2776331,0,0,0
498,CCCCCCCCCCCCCCCCCCCC(=O)O,820,12,1346,312,-0.568746048,5.689483812,-0.751077171,5.876561724,86.19364855,618.2804046,0,0,0
499,ClC(C)(C)C,507,38.99,300,92,-0.167707168,3.958894221,-0.019256806,1.153317815,27.35941809,29.82965353,0,0,0
500,COP(=O)(OC)OC,722,56.6,277,140,-0.25520656,4.175724168,-0.067858599,1.069235252,17.81155704,68.53081795,0,0,0
501,CC=C(C)C,471,33.99,292,70,-0.12760328,3.889499292,-0.008482325,1.116371502,28.50714006,16.13080299,0,0,0
502,SCC(C)C,559,40.59,307,90,-0.16406136,3.951806748,-0.018028031,1.179714021,25.38228687,37.46664975,0,0,0
503,C=C(C)C(=C)C,526,35.2,315,82,-0.149478128,3.925014542,-0.013635226,1.207912388,27.61948052,21.5355667,0,0,0
504,c1ccc(cc1)C(c2ccccc2)c3ccccc3,865,21.99,753,244,-0.444788576,4.953321219,-0.359244608,3.118407144,43.35932615,97.17747225,0,0,0
505,Cc1cccc(C)c1C,664.53,34.54,414,120,-0.21874848,4.074474552,-0.042733112,1.606606738,29.0777506,15.81427157,0,0,0
506,Oc1cccc(C)c1C,722.95,48.99,360,122,-0.222394288,4.083898555,-0.044905576,1.396475604,23.2322304,52.57760687,0,0,0
507,Cc1cc(C)c(C)c(C)c1,679,29.7,482,134,-0.244269136,4.143713712,-0.059502495,1.881017932,33.31877121,12.18441486,0,0,0
508,CC(C)c1ccccc1C,662,29.3,489,134,-0.244269136,4.143713712,-0.059502495,1.908363631,34.67120667,18.33176336,0,0,0
509,O=N(=O)c1ccccc1N(=O)=O,831,38.5,434,168,-0.306247872,4.343642762,-0.117259658,1.710197676,24.75204598,35.70897148,0,0,0
510,Cc1cccc(c1)C(C)C,657,29.3,485,134,-0.244269136,4.143713712,-0.059502495,1.892740448,34.64906411,18.2561915,0,0,0
511,C#Cc1ccccc1,650,42.79,332,102,-0.185936208,3.996668116,-0.026243472,1.28015571,23.68728339,44.64294604,0,0,0
512,CCCCCc1ccccc1,679.9,26.03,550,148,-0.269789792,4.220585536,-0.0801689,2.159541733,38.20167231,46.76017021,0,0,0
513,CC(C)Cc1ccccc1,650.15,30.39,456,134,-0.244269136,4.143713712,-0.059502495,1.779238611,32.91443789,8.306804505,0,0,1
514,CCOCc1ccccc1,662,31.09,442,136,-0.247914944,4.154228096,-0.062206749,1.725528414,31.34945107,0.834516141,1,1,1
515,SCCS,663,53.59,209,94,-0.171352976,3.966137463,-0.020540185,0.800897676,14.52878577,72.88899838,0,0,0
516,COCC,437.8,44,221,60,-0.10937424,3.864186888,-0.005341639,0.843301716,23.167173,47.34733409,0,0,0
517,CC(C)CC(C)(C)C,543.96,25.67,468,114,-0.207811056,4.047137156,-0.036638302,1.811906279,40.06218017,56.0661479,0,0,0
518,O=C(C)OC(C)(C)C,545,31.69,389,116,-0.211456864,4.056093852,-0.038600662,1.507221983,33.26186009,4.96011387,0,1,1
519,Clc1cccc(Cl)c1,683.95,40.7,351,147,-0.267966888,4.214841568,-0.07855481,1.367840791,24.05342983,40.90066381,0,0,0
520,O=COCC(C)C,551.35,38.8,352,102,-0.185936208,3.996668116,-0.026243472,1.357545465,29.61371001,23.67600513,0,0,0
521,CCCCCC(O)C,588,30.3,432,116,-0.211456864,4.056093852,-0.038600662,1.674168957,34.24425905,13.01735659,0,0,0
522,ClCCCCC,568,33.5,352,106,-0.193227824,4.012868055,-0.029453599,1.359134256,28.77927425,14.09171865,0,0,0
523,N#CCCCC#N,782,31.49,352,94,-0.171352976,3.966137463,-0.020540185,1.354308883,20.82940139,33.85391747,0,0,0
524,CCCCCCCCCCCCCC(=O)O,765.19,16.44,811,228,-0.415622112,4.806275623,-0.293106413,3.331419726,52.36316419,218.5107311,0,0,0
525,CCCCCCCCCCCCCCCC,723,14,944,226,-0.411976304,4.788595882,-0.285460549,3.867847048,64.3423338,359.5880986,0,0,0
526,CCCCCCCCCCCCCCCCCCCCCCCCCCCCCCCC,855,7.5,1860,450,-0.8203068,7.7369847,-2.253503936,9.2993542,130.8134772,1644.179696,0,0,0
527,COC(=O)C(C)C,540.7,34.31,339,102,-0.185936208,3.996668116,-0.026243472,1.307259044,29.07843978,15.24791669,0,0,0
528,CC1=CC=CS1,609,49.1,275,98,-0.178644592,3.981091252,-0.023275499,1.058014598,20.89489447,57.44420677,0,0,0
529,C=C1C=CC(CC1)C(C)C,648,28.19,487,136,-0.247914944,4.154228096,-0.062206749,1.902104594,35.3041048,25.23627101,0,0,0
530,COCCC,476.3,37.89,276,74,-0.134894896,3.900714634,-0.010021113,1.056300373,26.67304923,29.60398725,0,0,0
531,CC1(C)OC1,521,46.6,339,72,-0.131249088,3.895029079,-0.009230352,1.296101229,29.92037374,35.79318939,0,0,0
532,C=CC(C)(C)C,480,32.9,333,84,-0.153123936,3.93147894,-0.014657457,1.27754527,32.01112047,2.701761484,0,1,1
533,CCC(C)(C)C(C)C,573.5,28.19,455.1,114,-0.207811056,4.047137156,-0.036638302,1.762172821,36.95565391,31.09490569,0,0,0
534,CCC(C)(C)CC,536.4,29.45,414,100,-0.1822904,3.9888018,-0.02472981,1.59539029,35.77206327,21.46710787,0,0,0
535,CCCC(C)(C)CC,562,26.49,442.8,114,-0.207811056,4.047137156,-0.036638302,1.714688135,36.69565483,38.52644329,0,0,0
536,C=CC(C)C,450.37,35.2,302.1,70,-0.12760328,3.889499292,-0.008482325,1.154889773,30.84159976,12.38181886,0,0,0
537,CCC(=C)C,465,33.99,292,70,-0.12760328,3.889499292,-0.008482325,1.116371502,28.87497413,15.04861981,0,0,0
538,C=C(C)C(C)C,500,32.2,349,84,-0.153123936,3.93147894,-0.014657457,1.338778044,32.20359766,0.011172844,1,1,1
539,CC(C)=C(C)C,524,31.6,372,84,-0.153123936,3.93147894,-0.014657457,1.426662806,32.74581975,3.626011876,0,1,1
540,O=C(C)C(C)C,553,38.5,310,86,-0.156769744,3.938099108,-0.015729544,1.190015607,25.88173229,32.77472131,0,0,0
541,CCC(C)C(C)(C)C,563.5,27.29,436,114,-0.207811056,4.047137156,-0.036638302,1.688409448,36.03708617,32.05234946,0,0,0
542,CCC(C)C(C)C,537.35,29.08,393,100,-0.1822904,3.9888018,-0.02472981,1.514714727,33.90309993,16.58562563,0,0,0
543,CCC(=O)C(C)C,567,33.2,369,100,-0.1822904,3.9888018,-0.02472981,1.422317211,30.17027171,9.125687623,0,0,1
544,CC(C)C(C)C(C)C,566.3,27.29,460.6,114,-0.207811056,4.047137156,-0.036638302,1.783385466,37.87603214,38.7908836,0,0,0
545,CC(C)C(=O)C(C)C,576,30.19,416,114,-0.207811056,4.047137156,-0.036638302,1.611007805,33.63883727,11.42377368,0,0,0
546,Cc1cccc(C)c1O,701.05,43,390,122,-0.222394288,4.083898555,-0.044905576,1.513988689,25.97403682,39.5952632,0,0,0
547,CCc1ccccc1N,704,37.4,399,121,-0.220571384,4.079167082,-0.043810367,1.548662114,26.45756245,29.25785442,0,0,0
548,CCc1cccc(CC)c1N,678,31.19,495,149,-0.271612696,4.226368447,-0.08180495,1.94369553,34.47976975,10.54751443,0,0,0
549,Cc1ccc2cc(C)ccc2c1,777,31.69,520,156,-0.284373024,4.267939203,-0.093884646,2.048549273,31.70963263,0.061952131,1,1,1
550,Cc1ccc2ccc(C)cc2c1,778,31.69,520,156,-0.284373024,4.267939203,-0.093884646,2.048549273,31.66887475,0.066662203,1,1,1
551,CCC(C)C(C)CC,568.8,26.89,466.2,114,-0.207811056,4.047137156,-0.036638302,1.804970878,38.16598072,41.93373268,0,0,0
552,CCC(O)CC,547,38.8,327,88,-0.160415552,3.944875044,-0.016852673,1.255968392,27.61577264,28.82532826,0,0,0
553,O=C=Nc1ccc(C)c(N=C=O)c1,725,30.39,525,174,-0.317185296,4.383597418,-0.130277233,2.083687215,34.5668922,13.74429814,0,0,0
554,CCCC(C)C(C)C,563.4,26.29,468.2,114,-0.207811056,4.047137156,-0.036638302,1.812676795,38.69629164,47.19015459,0,0,0
555,CC1=CCC(CC1)=C(C)C,672,27.7,509,136,-0.247914944,4.154228096,-0.062206749,1.9880653,35.58174042,28.45393654,0,0,0
556,CCCC(C)CC,535.25,28.13,404,100,-0.1822904,3.9888018,-0.02472981,1.556993407,34.98613057,24.37302016,0,0,0
557,CCCC(=O)CC,582.82,33.2,364,100,-0.1822904,3.9888018,-0.02472981,1.403041296,28.95355014,12.79051162,0,0,0
558,O=COC(C)CC,546,35.8,331,102,-0.185936208,3.996668116,-0.026243472,1.276282317,28.11382418,21.46976486,0,0,0
559,CCC(C)CC(C)C,553.5,25.59,472,114,-0.207811056,4.047137156,-0.036638302,1.827313458,39.70646666,55.16399631,0,0,0
560,CCCC(C)CCC,561.74,25.42,476,114,-0.207811056,4.047137156,-0.036638302,1.842713987,39.4537599,55.2075527,0,0,0
561,CCCCC(C)CC,563.67,25.46,464,114,-0.207811056,4.047137156,-0.036638302,1.796492449,38.3324246,50.55940532,0,0,0
562,CCCCOC(=O)CC,594,28,442,130,-0.23697752,4.123152252,-0.054331393,1.721805027,34.86288644,24.51030873,0,0,0
563,CC=CC,435.58,42.42,233.8,56,-0.102082624,3.855152307,-0.00434295,0.891411574,24.61365749,41.97629069,0,0,0
564,C=C=CC,452,43.6,220,54,-0.098436816,3.850868669,-0.003894055,0.838532711,22.31245661,48.8246408,0,0,0
565,CCCC(C)(C)C,520.5,27.73,416,100,-0.1822904,3.9888018,-0.02472981,1.603065291,37.04215905,33.58153283,0,0,0
566,CC1(C)CCCCC1,591.15,29.38,450,112,-0.204165248,4.038336228,-0.034743603,1.741164237,35.4248369,20.57466609,0,0,0
567,OC1(C)CCCCC1,613,40,374,114,-0.207811056,4.047137156,-0.036638302,1.447923215,28.40866803,28.97832992,0,0,0
568,CCCCC(C)(C)C,549.8,25.29,478,114,-0.207811056,4.047137156,-0.036638302,1.850411757,40.47897051,60.05919538,0,0,0
569,Ic1ccccc1,721.15,45.19,351,204,-0.371872416,4.604399465,-0.209947778,1.360381381,22.68824412,49.79366205,0,0,0
570,CCCCOC(=O)CCCC,629,23.29,547,158,-0.288018832,4.280167041,-0.097542086,2.157531458,41.25459294,77.13436213,0,0,0
571,CCCCC(C)C,530.37,27.33,421,100,-0.1822904,3.9888018,-0.02472981,1.622246415,36.78778905,34.60588749,0,0,0
572,CCCCC(=O)C,587.05,33.23,369,100,-0.1822904,3.9888018,-0.02472981,1.422317211,29.13984168,12.30863171,0,0,0
573,C=CCOC(=O)C,559,36.8,323,100,-0.1822904,3.9888018,-0.02472981,1.244634996,26.77910236,27.23070012,0,0,0
574,C=CCC=C,479,37.4,303,68,-0.123957472,3.884125274,-0.007775844,1.157733703,29.06959477,22.27381077,0,0,0
575,C=C=CCC,500,37.99,276,68,-0.123957472,3.884125274,-0.007775844,1.054800148,25.37265957,33.21226752,0,0,0
576,CC(C)CCC(C)C,550,24.89,482,114,-0.207811056,4.047137156,-0.036638302,1.865802312,40.80080692,63.92449546,0,0,0
577,CCCCCC(C)C,559.64,24.83,488,114,-0.207811056,4.047137156,-0.036638302,1.888875674,40.59386851,63.48718691,0,0,0
578,C=CCCCC,504.03,31.39,354,84,-0.153123936,3.93147894,-0.014657457,1.357897208,32.4023362,3.225027728,0,1,1
579,C=CCCC=C,507,33.5,339,82,-0.149478128,3.925014542,-0.013635226,1.299766528,30.83352689,7.959621235,0,0,1
580,C=CCCCCC,537.29,28.3,413,98,-0.178644592,3.981091252,-0.023275499,1.590443958,35.60208462,25.80241915,0,0,0
581,O=COCCCC,559,35.09,336,102,-0.185936208,3.996668116,-0.026243472,1.295645561,27.87662664,20.5567779,0,0,0
582,CCCCCCCCCCCCCCCCCC,747,12.7,1060,254,-0.463017616,5.050287197,-0.405248979,4.427808857,71.29089677,461.3456438,0,0,0
583,C=CBr,473,71.79,200,106,-0.193227824,4.012868055,-0.029453599,0.765390899,19.46202239,72.89034352,0,0,0
584,C=C(C)C(C)(C)C,531,31.39,381,98,-0.178644592,3.981091252,-0.023275499,1.46758804,33.24110543,5.897118281,0,0,1
585,CC(C)(C)C(C)(C)C,568,28.7,461,114,-0.207811056,4.047137156,-0.036638302,1.784927714,37.79532741,31.69103628,0,0,0
586,CCCS(=O)(=O)CCC,763,31.09,463,150,-0.2734356,4.2321903,-0.083463109,1.817424884,28.64822686,7.853885956,0,0,1
587,CCCCS(=O)(=O)CCCC,767,25.4,569,178,-0.324476912,4.411012699,-0.139469995,2.265343261,35.52257744,39.85266707,0,0,0
588,C#CC(C)C,463.2,42,275,68,-0.123957472,3.884125274,-0.007775844,1.050984323,27.28936952,35.02531066,0,0,0
589,C=C=C(C)C,490,38.29,291,68,-0.123957472,3.884125274,-0.007775844,1.112007768,27.29465166,28.71597895,0,0,0
590,COC(C)C,464.5,38.8,276,74,-0.134894896,3.900714634,-0.010021113,1.056300373,27.3506423,29.50865387,0,0,0
591,c1ccc(cc1)P(c2ccccc2)c3ccccc3,1008,78.4,554,262,-0.477600848,5.130663816,-0.444758906,2.251045506,26.85898257,65.74109367,0,0,0
592,O=N(=O)c1cccc(N(=O)=O)c1C,770,33.99,455,182,-0.331768528,4.439051054,-0.149085341,1.801998509,28.14683175,17.19084512,0,0,0
593,CCC(CC)C(C)C,567,27,442.8,114,-0.207811056,4.047137156,-0.036638302,1.714688135,36.37205999,34.71133329,0,0,0
594,CCc1ccccc1C,651.15,30.39,460,120,-0.21874848,4.074474552,-0.042733112,1.785238004,32.97470307,8.505110463,0,0,1
595,C=Cc1ccccc1C,659,34.69,407,118,-0.215102672,4.065206318,-0.040631869,1.57827556,28.80469173,16.96543175,0,0,0
596,CC(c1ccccc1)c2ccccc2,775,26.8,604,182,-0.331768528,4.439051054,-0.149085341,2.411067028,37.41738189,39.6170966,0,0,0
597,ClCC(Cl)CC,600,36.8,343,127,-0.231508808,4.108140049,-0.050656122,1.331199135,26.68440916,27.48801858,0,0,0
598,COC(=O)OC,548,45,251,90,-0.16406136,3.951806748,-0.018028031,0.963539433,21.14729137,53.00601917,0,0,0
599,CC1=CSC=C1,613,49.1,276,98,-0.178644592,3.981091252,-0.023275499,1.061897256,20.83472819,57.56674504,0,0,0
600,CCC(CC)CC,540.64,28.9,416,100,-0.1822904,3.9888018,-0.02472981,1.603065291,35.66225915,23.39882059,0,0,0
601,OC(C)(C)c1ccccc1,660,34.9,440,136,-0.247914944,4.154228096,-0.062206749,1.71765728,31.30101306,10.31228348,0,0,0
602,Cc1cc(cc(c1)N(=O)=O)N(=O)=O,814,33.99,473,182,-0.331768528,4.439051054,-0.149085341,1.876359566,27.72410122,18.43453598,0,0,0
603,CCCC(CC)CC,565.4,26.1,455.1,114,-0.207811056,4.047137156,-0.036638302,1.762172821,37.48508581,43.62101845,0,0,0
604,CCc1cccc(C)c1,637.15,28.4,490,120,-0.21874848,4.074474552,-0.042733112,1.901237909,35.88893679,26.36949575,0,0,0
605,O=C(C)OC1CCCCC1,648,31.19,436,142,-0.258852368,4.186705857,-0.070808568,1.705388386,31.65294405,1.484270746,0,1,1
606,CCc1ccc(C)cc1,640.23,32.32,427,120,-0.21874848,4.074474552,-0.042733112,1.65718333,31.13152178,3.677222218,0,1,1
607,C=Cc1ccc(C)cc1,665,33.6,431,118,-0.215102672,4.065206318,-0.040631869,1.671514366,30.23112321,10.02641902,0,0,0
608,CCCC(=O)OC,554.5,34.73,340,102,-0.185936208,3.996668116,-0.026243472,1.311129462,28.4387066,18.11486725,0,0,0
609,CCOS(=O)OCC,624,37.69,373,138,-0.251560752,4.164898248,-0.064991721,1.453515929,28.0156705,25.66816,0,0,0
610,CC1CCC(C)CC1,598.15,29.38,460,112,-0.204165248,4.038336228,-0.034743603,1.779689696,35.78491531,21.80025634,0,0,0
611,CC=CC,428.63,41,237.7,56,-0.102082624,3.855152307,-0.00434295,0.906258953,25.42936765,37.97715207,0,0,0
612,CSCC,533,42.6,254,76,-0.138540704,3.906555958,-0.010855793,0.972471328,21.94398065,48.48830834,0,0,0
613,CCC=C(C)C,514,31.6,363,84,-0.153123936,3.93147894,-0.014657457,1.39229241,32.57865507,3.097009727,0,1,1
614,COCC(C)C,497,34.09,329,88,-0.160415552,3.944875044,-0.016852673,1.263647676,30.57985553,10.29669835,0,0,0
615,COCC(=O)O,691,49.8,251,90,-0.16406136,3.951806748,-0.018028031,0.963539433,16.7709344,66.32342489,0,0,0
616,CCOC(C)C,489,34.09,329,88,-0.160415552,3.944875044,-0.016852673,1.263647676,31.08013947,8.829159674,0,0,1
617,OC(C)CC(O)C,629,43.3,325,104,-0.189582016,4.004690201,-0.027817673,1.253682042,23.97190646,44.63762941,0,0,0
618,C#CCCC,481.2,41.7,277,68,-0.123957472,3.884125274,-0.007775844,1.058615724,26.45931136,36.54841401,0,0,0
619,N#CC=CC,586,38.8,282,67,-0.122134568,3.881496678,-0.007437812,1.077431622,22.11352194,43.00638675,0,0,0
620,C=C(C)CCC(=C)C,567,27.4,445,110,-0.20051944,4.029691068,-0.032915377,1.720589286,36.49723554,33.20158955,0,0,0
621,OCCCCC(C)C,605,30.3,432,116,-0.211456864,4.056093852,-0.038600662,1.674168957,33.28202367,9.841662272,0,0,1
622,CSCCCC,593,34.69,360,104,-0.189582016,4.004690201,-0.027817673,1.38930097,28.17782454,18.77248618,0,0,0
623,C1=CCC=CC1,569,47.29,277,80,-0.14583232,3.918705912,-0.012661663,1.061630307,22.44020689,52.54766994,0,0,0
624,CCCCCOC(=O)C,598,28,442,130,-0.23697752,4.123152252,-0.054331393,1.721805027,34.62968988,23.67746385,0,0,0
625,C#CCCCCC,559,31.39,386,96,-0.174998784,3.973536473,-0.021879353,1.485831607,31.96859866,1.84325793,0,1,1
626,ClCCCCCCl,663,31.9,422,141,-0.257029464,4.181195541,-0.069323123,1.649368561,29.92057936,6.205080388,0,0,1
627,C1=CCCCCC1,598,40.1,336,96,-0.174998784,3.973536473,-0.021879353,1.293472239,26.01487498,35.12500005,0,0,0
628,C#CCCCCCC,585,28.19,441,110,-0.20051944,4.029691068,-0.032915377,1.705181163,35.05746226,24.36134182,0,0,0
629,OCCCCCCO,670,36.1,389,118,-0.215102672,4.065206318,-0.040631869,1.508183837,27.07355551,25.00400136,0,0,0
630,CCOCCOCC,561,29.3,402,118,-0.215102672,4.065206318,-0.040631869,1.558819618,33.41941294,14.05942983,0,0,0
631,O=COCCCCCC,607,28,437,130,-0.23697752,4.123152252,-0.054331393,1.702230782,33.72838631,20.45852255,0,0,0
632,CCCCCCCCCCCCC,675,16.79,775,184,-0.335414336,4.453303884,-0.15405445,3.095797825,55.16131779,228.5367349,0,0,0
633,CCCCCCCCCCCCCC,693,15.7,830,198,-0.360934992,4.55743522,-0.191962479,3.342060638,58.00252577,269.4428393,0,0,0
634,CCCCCCCCCCCCCCC,708,14.79,889,212,-0.386455648,4.66919922,-0.235628795,3.609865297,61.32302269,314.6248999,0,0,0
635,C=CCCCCCCCCCCCCCC,722,14.79,933,224,-0.408330496,4.77107191,-0.27794882,3.818014067,63.6013218,330.0292211,0,0,0
636,CCCCCCCCCCCCCCCCC,736,13.4,1000,240,-0.43749696,4.915625208,-0.341864893,4.136263355,67.59213787,404.4189393,0,0,0
637,CCCCCCCCCCCCCCCCCCC,758,12.1,1120,268,-0.488538272,5.19258185,-0.476019958,4.726849305,75.00122664,519.8448482,0,0,0
638,CCCCCCCCCCCCCCCCCCCCC,778,11.1,1230,296,-0.539579584,5.500069145,-0.641351202,5.307403894,82.04806755,639.1717797,0,0,0
639,OCCCCCCCCCCCCCCCCCCCC,809,12.99,1120,298,-0.543225392,5.523200788,-0.654439602,4.850123349,72.10577966,455.0868334,0,0,0
640,CCCCCCCCCCCCCCCCCCCCCC,787,10.59,1290,310,-0.56510024,5.665261788,-0.73672577,5.631078627,86.05630088,712.6185164,0,0,0
641,CCCCCCCCCCCCCCCCCCCCCCCCC,812,9.5,1460,352,-0.641662208,6.206635696,-1.078571077,6.615349877,97.98567846,931.4281944,0,0,0
642,CCCCCCCCCCCCCCCCCCCCCCCCCC,819,9.09,1520,366,-0.667182864,6.402358992,-1.212450553,6.977675827,102.4690482,1027.272257,0,0,0
643,CCCCCCCCCCCCCCCCCCCCCCCCCCCC,832,8.5,1630,394,-0.718224176,6.816703575,-1.512548973,7.69042804,111.1713812,1207.898603,0,0,0
644,CCCCCCCCCCCCCCCCCCCCCCCCCCCCCCCCCCCC,874,6.79,2090,506,-0.922389424,8.779388439,-3.203851146,11.11598145,152.9685661,2152.850752,0,0,0
645,CCOC(C)(C)C,514,30.39,382,102,-0.185936208,3.996668116,-0.026243472,1.473351193,34.47537311,13.44314943,0,0,0
646,CC1CCCC(C)C1,591.15,29.38,450,112,-0.204165248,4.038336228,-0.034743603,1.741164237,35.4248369,20.57466609,0,0,0
647,O=COCCCCC,576,31.24,389,116,-0.211456864,4.056093852,-0.038600662,1.507221983,31.47172525,0.741758177,1,1,1
648,CCCCCCCCCCCCCCCCCCCCCCC,796,10.2,1350,324,-0.590620896,5.838087094,-0.841115837,5.963895157,90.11202459,783.4512215,0,0,0
649,CCCCCCCCCCCCCCCCCCCCCCCCCCCCCC,844,7.99,1750,422,-0.769265488,7.261578811,-1.85848103,8.493406331,121.0334102,1414.811141,0,0,0
650,CCCOC(=O)C(C)C,589.15,28.4,442,130,-0.23697752,4.123152252,-0.054331393,1.721805027,35.14988466,23.76719951,0,0,0
651,c1ccc(cc1)C=Cc2ccccc2,784,27.4,596,180,-0.32812272,4.424953992,-0.144224252,2.376493887,36.45746385,33.0564374,0,0,0
652,CCCCCCCCCCCCCCCCCCC(=O)O,812,12.99,1070,298,-0.543225392,5.523200788,-0.654439602,4.63344649,68.62999031,428.3294096,0,0,0
653,CCCCCCCCCCCCCCCCCCCCCCCC,804,9.8,1410,338,-0.616141552,6.018545064,-0.954928556,6.306268964,94.33704227,862.6228803,0,0,0
654,CC=CC(C)C,501,32.2,346,84,-0.153123936,3.93147894,-0.014657457,1.327302871,31.86384075,1.043972832,0,1,1
655,C#CC=C,454,48.59,205,52,-0.094791008,3.8467408,-0.003477209,0.781121063,20.69323123,57.41257207,0,0,0
656,C=CCC(C)C,496,32.2,345,84,-0.153123936,3.93147894,-0.014657457,1.323477201,32.09228221,0.334527292,1,1,1
657,CC=CC(C)C,499,32.2,346,84,-0.153123936,3.93147894,-0.014657457,1.327302871,31.99155153,0.647355489,1,1,1
658,C#CCCCC,516.2,36.2,322,82,-0.149478128,3.925014542,-0.013635226,1.234720966,28.76846154,20.52911178,0,0,0
659,CC1=CCCC1,542,41.3,303,82,-0.149478128,3.925014542,-0.013635226,1.161920743,25.78356903,37.57005079,0,0,0
660,CC(C)C1CCCCC1,627,28.49,502.4,126,-0.229685904,4.103213866,-0.049468918,1.954011683,37.48223076,31.56276153,0,0,0
661,C=CC(C)CC,495,32.9,343.3,84,-0.153123936,3.93147894,-0.014657457,1.316972858,31.9990762,2.738370208,0,1,1
662,CCC(=C)CC,512,31.6,364,84,-0.153123936,3.93147894,-0.014657457,1.396112568,32.79565361,3.783713941,0,1,1
663,C=CC(Cl)CCl,589,38.5,330,124,-0.226040096,4.093478326,-0.047150449,1.279081632,26.11853313,32.1596542,0,0,0
664,CCCC(=C)C,507,31.6,359,84,-0.153123936,3.93147894,-0.014657457,1.377008716,32.66589373,3.373081434,0,1,1
665,CC=Cc1ccccc1,671,33.6,407,118,-0.215102672,4.065206318,-0.040631869,1.57827556,28.28955566,15.80489387,0,0,0
666,O=C(C)C(=C)C,566,38.89,302,84,-0.153123936,3.93147894,-0.014657457,1.158683667,24.62148647,36.6894151,0,0,0
667,CCCCCCCC(=O)C,643,24.1,527,142,-0.258852368,4.186705857,-0.070808568,2.063694609,38.60115252,60.17075736,0,0,0
668,C=CCCCCCCCCC,638,20.3,642,154,-0.280727216,4.255867133,-0.090319795,2.526241253,47.62335186,134.5977924,0,0,0
669,CC1CCCC1C,553.15,34.45,360,98,-0.178644592,3.981091252,-0.023275499,1.386765012,30.15266997,12.47410749,0,0,0
670,C1CCC(CC1)c2ccccc2,744,28.79,529,160,-0.29166464,4.292550648,-0.101293302,2.087846267,33.75136928,17.23296033,0,0,0
671,C#CCC=C,503,44,256,66,-0.120311664,3.878907024,-0.007109721,0.978005732,23.38509992,46.85204564,0,0,0
672,CCCCCCCC(C)C,610,21.2,583,142,-0.258852368,4.186705857,-0.070808568,2.282059874,44.99487138,112.2399593,0,0,0
673,C=CCCCCCCCC,616.4,22.18,584,140,-0.25520656,4.175724168,-0.067858599,2.283724587,44.56017754,100.9025137,0,0,0
674,O=C1CCCN1C,721.8,47.8,310,99,-0.180467496,3.984927055,-0.02399531,1.193989151,19.8952462,58.37814603,0,0,0
675,CC=Cc1ccccc1,670,33.6,407,118,-0.215102672,4.065206318,-0.040631869,1.57827556,28.33177888,15.67922953,0,0,0
676,CCc1ccc(C)cc1C,665,28.79,482,134,-0.244269136,4.143713712,-0.059502495,1.881017932,34.02021903,18.16679066,0,0,0
677,CCOC(C)(C)CC,544,27.4,435,116,-0.211456864,4.056093852,-0.038600662,1.685787239,37.2708826,36.02511899,0,0,0
678,CCC#CCC,544,35.29,331,82,-0.149478128,3.925014542,-0.013635226,1.269167614,28.05988565,20.48771423,0,0,0
679,CCc1cccc(C)c1C,680,31.3,507,134,-0.244269136,4.143713712,-0.059502495,1.97857122,34.99520887,11.80577912,0,0,0
680,CCc1cc(C)cc(C)c1,655,27.49,482,134,-0.244269136,4.143713712,-0.059502495,1.881017932,34.53961169,25.64427678,0,0,0
681,CCc1ccc(C)c(C)c1,667,28.79,490,134,-0.244269136,4.143713712,-0.059502495,1.912268205,34.48170922,19.76974371,0,0,0
682,CCc1ccc2ccccc2c1,771,31.69,520,156,-0.284373024,4.267939203,-0.093884646,2.048549273,31.9564002,0.840644366,1,1,1
683,CCCCCCCCCCCCCCC(=O)O,775.43,15.51,1002,242,-0.441142768,4.934395329,-0.350482935,4.150872081,64.38171861,315.0981213,0,0,0
684,CCC(C)(CC)CC,576.5,28.1,455.1,114,-0.207811056,4.047137156,-0.036638302,1.762172821,36.76334349,30.83040386,0,0,0
685,CCC(CC)(CC)CC,610.05,26.74,473,128,-0.233331712,4.113105175,-0.051862171,1.841433507,36.30416269,35.76725015,0,0,0
686,CCC(C(C)C)C(C)C,591,25.29,512,128,-0.233331712,4.113105175,-0.051862171,1.992881171,40.55643176,60.36548739,0,0,0
687,CC(C)(C)CC(C)(C)C,571.35,23.6,504,128,-0.233331712,4.113105175,-0.051862171,1.961872849,41.29851543,74.99370944,0,0,0
688,CCCCCC(C)(C)C,576.8,23.5,519,128,-0.233331712,4.113105175,-0.051862171,2.019988952,42.12011588,79.23453567,0,0,0
689,CC(C)CCCC(C)C,579,22.99,520,128,-0.233331712,4.113105175,-0.051862171,2.023859625,42.04047728,82.86418998,0,0,0
690,CC(C)CCCCC(C)C,604,21.29,575,142,-0.258852368,4.186705857,-0.070808568,2.250964235,44.82264399,110.5337905,0,0,0
691,CCCc1ccccc1C,662,29.4,482,134,-0.244269136,4.143713712,-0.059502495,1.881017932,34.17438921,16.23941907,0,0,0
692,CCCc1cccc(C)c1,654,28.1,482,134,-0.244269136,4.143713712,-0.059502495,1.881017932,34.59242455,23.1047137,0,0,0
693,CCCc1ccc(C)cc1,656,28.1,482,134,-0.244269136,4.143713712,-0.059502495,1.881017932,34.48695984,22.72939445,0,0,0
694,CCCCCCCc1ccccc1,714,21.8,648,176,-0.320831104,4.397227174,-0.134821385,2.57986356,43.45746024,99.34614787,0,0,0
695,CCCCCCCCCCC,639,19.49,659,156,-0.284373024,4.267939203,-0.093884646,2.595189487,48.84656516,150.623731,0,0,0
696,C=CCCCCCCCCCCCC,692,16.6,817,196,-0.357289184,4.542092009,-0.186203995,3.286198577,57.11543959,244.0689132,0,0,0
697,CC1C=CCC1,526,41.3,303,82,-0.149478128,3.925014542,-0.013635226,1.161920743,26.5678601,35.67104092,0,0,0
698,CCc1cccc2ccccc12,776,30,520,156,-0.284373024,4.267939203,-0.093884646,2.048549273,31.75049556,5.834985197,0,0,1
699,CC(C)C(C)C(C)(C)C,592.15,25.63,490,128,-0.233331712,4.113105175,-0.051862171,1.907536421,38.74421982,51.16745932,0,0,0
700,CC1CCCC1C,565.15,34.45,370,98,-0.178644592,3.981091252,-0.023275499,1.425271819,30.33191158,11.95381254,0,0,0
701,SCCCCCCCCC,681,23.1,571,160,-0.29166464,4.292550648,-0.101293302,2.254658487,39.81983643,72.38024429,0,0,0
702,ClCC=CCCl,640,37.8,343,124,-0.226040096,4.093478326,-0.047150449,1.330319225,25.00009784,33.86217502,0,0,0
703,SC1CCCCC1,664,39.7,355,116,-0.211456864,4.056093852,-0.038600662,1.374663805,24.89970681,37.2803355,0,0,0
704,C=CC=CC,499,37.4,276,68,-0.123957472,3.884125274,-0.007775844,1.054800148,25.42350658,32.02270967,0,0,0
705,CCCCC(=C)CC,574,30.7,399,112,-0.204165248,4.038336228,-0.034743603,1.544049241,32.35303806,5.384488799,0,0,1
706,COC(C)(C)C,497.1,34.29,329,88,-0.160415552,3.944875044,-0.016852673,1.263647676,30.57370388,10.83784228,0,0,0
707,CC1(C)CCCC1,547,34.44,360,98,-0.178644592,3.981091252,-0.023275499,1.386765012,30.49168079,11.46434149,0,0,0
708,SCCCCCCC,645,27.7,465,132,-0.240623328,4.133355098,-0.056877772,1.81310357,33.8087188,22.05313647,0,0,0
709,CCC1CCCC1,569.52,33.98,375,98,-0.178644592,3.981091252,-0.023275499,1.444511825,30.50548515,10.22517613,0,0,0
710,CCC1CCCCC1,609.15,30.39,430,112,-0.204165248,4.038336228,-0.034743603,1.663990821,32.85432074,8.108985664,0,0,1
711,CCCC1CCCCC1,639.15,28.07,477,126,-0.229685904,4.103213866,-0.049468918,1.855503892,34.91603267,24.38914384,0,0,0
712,CCCCC1CCCCC1,667,25.7,534,140,-0.25520656,4.175724168,-0.067858599,2.089204425,37.67219436,46.58441386,0,0,0
713,CCc1cc(C)ccc1C,663,28.79,482,134,-0.244269136,4.143713712,-0.059502495,1.881017932,34.12284412,18.52325156,0,0,0
714,CC1CCC(C)C1,553,34.44,360,98,-0.178644592,3.981091252,-0.023275499,1.386765012,30.16084881,12.42494538,0,0,0
715,CC1CC=CC1,527,41.3,303,82,-0.149478128,3.925014542,-0.013635226,1.161920743,26.5174467,35.79310726,0,0,0
716,C=CC=CC,500,37.4,276,68,-0.123957472,3.884125274,-0.007775844,1.054800148,25.37265957,32.15866425,0,0,0
717,CCCCC1CCCC1,621,27.19,483,126,-0.229685904,4.103213866,-0.049468918,1.878800184,36.38771704,33.82757277,0,0,0
718,CCCC1CCCC1,596,30.19,428,112,-0.204165248,4.038336228,-0.034743603,1.656264496,33.42329388,10.70981742,0,0,0
719,CCC(C)CCCC(C)C,606,21.69,575,142,-0.258852368,4.186705857,-0.070808568,2.250964235,44.67471447,105.9691769,0,0,0
720,CCCCCCCCc1ccccc1,729,20.2,703,190,-0.34635176,4.496996988,-0.169621767,2.820596959,46.53495732,130.3710758,0,0,0
721,CC1CCCCC1C,606.15,29.38,460,112,-0.204165248,4.038336228,-0.034743603,1.779689696,35.31262409,20.19273007,0,0,0
722,CC1CCCC(C)C1,598,29.38,460,112,-0.204165248,4.038336228,-0.034743603,1.779689696,35.79389146,21.83080824,0,0,0
723,CC1CCC(C)CC1,590.15,29.38,450,112,-0.204165248,4.038336228,-0.034743603,1.741164237,35.48486373,20.77897799,0,0,0
724,CCCCCC(C)CC,590.15,23.39,529,128,-0.233331712,4.113105175,-0.051862171,2.058674687,41.95571514,79.37458376,0,0,0
725,CCCCC(C)CCC,587.65,23.39,523,128,-0.233331712,4.113105175,-0.051862171,2.035468846,41.65925836,78.10713277,0,0,0
726,CCCOC(=O)c1ccccc1,710,28.49,502,164,-0.298956256,4.317785168,-0.109081807,1.983108175,33.59339303,17.91292744,0,0,0
727,C=CCCCCCCCCCCC,675,17.7,756,182,-0.331768528,4.439051054,-0.149085341,3.017219598,53.761201,203.7355989,0,0,0
728,CC1CCC(C)C1,551,34.44,360,98,-0.178644592,3.981091252,-0.023275499,1.386765012,30.27032558,12.10706859,0,0,0
729,OCCOCCC,582,36.69,347,104,-0.189582016,4.004690201,-0.027817673,1.338982446,27.67054504,24.58286989,0,0,0
730,CCc1c(C)cccc1C,671,30.19,482,134,-0.244269136,4.143713712,-0.059502495,1.881017932,33.71601439,11.67941169,0,0,0
731,CCCCCCC(C)C,586.75,22.9,541,128,-0.233331712,4.113105175,-0.051862171,2.10503597,43.14914931,88.4242328,0,0,0
732,CCCC(C)C=C,528,29.49,398,98,-0.178644592,3.981091252,-0.023275499,1.532900801,34.91772527,18.40530778,0,0,0
733,CCCC(=C)CC,543,29.49,398,98,-0.178644592,3.981091252,-0.023275499,1.532900801,33.95314722,15.13444293,0,0,0
734,C=CCCCCCCCCCCCCCCCCCC,771,12.19,1160,280,-0.51041312,5.320623672,-0.542868789,4.942242776,77.09665083,532.4581692,0,0,0
735,CC(C)CCC(C)(C)C,568.05,23.29,519,128,-0.233331712,4.113105175,-0.051862171,2.019988952,42.76891619,83.63639411,0,0,0
736,C=CCC(C)CC,534,30.39,398,98,-0.178644592,3.981091252,-0.023275499,1.532900801,34.52539127,13.607737,0,0,0
737,CC(C)C1CCCC1,593,30.39,420,112,-0.204165248,4.038336228,-0.034743603,1.625342863,32.96523,8.473938808,0,0,1
738,CCCCC(C)CC(C)C,600,21.69,575,142,-0.258852368,4.186705857,-0.070808568,2.250964235,45.12146162,108.0288687,0,0,0
739,C=CC(CC)CC,530,30.3,398,98,-0.178644592,3.981091252,-0.023275499,1.532900801,34.78596026,14.80514939,0,0,0
740,CCCC=CC,513,31.6,360,84,-0.153123936,3.93147894,-0.014657457,1.380830099,32.37342845,2.447558381,0,1,1
741,CC=CC=CC,535,33.5,331,82,-0.149478128,3.925014542,-0.013635226,1.269167614,28.53192111,14.83008625,0,0,0
742,CCCCCCOCC,583,24.59,487,130,-0.23697752,4.123152252,-0.054331393,1.897440033,39.14401051,59.18670399,0,0,0
743,CCCCCCC(C)CC,613,21.6,583,142,-0.258852368,4.186705857,-0.070808568,2.282059874,44.77466809,107.29013,0,0,0
744,CCCC(O)C,560.4,37.1,327,88,-0.160415552,3.944875044,-0.016852673,1.255968392,26.95543831,27.34383204,0,0,0
745,CCCCC(=C)C,538,28.7,398,98,-0.178644592,3.981091252,-0.023275499,1.532900801,34.26869691,19.40312514,0,0,0
746,CSC(C)(C)C,570,35.39,360,104,-0.189582016,4.004690201,-0.027817673,1.38930097,29.31482448,17.16636202,0,0,0
747,CC(C)(C)OC(C)(C)C,550,25.29,487,130,-0.23697752,4.123152252,-0.054331393,1.897440033,41.49265114,64.06742247,0,0,0
748,CCCCC=CC,549,28.4,424,98,-0.178644592,3.981091252,-0.023275499,1.632591181,35.76604485,25.93677764,0,0,0
749,CC1CCCCC1C,596.15,29.38,460,112,-0.204165248,4.038336228,-0.034743603,1.779689696,35.90496871,22.20887919,0,0,0
750,CCC(C)(C)C(C)(C)C,610.85,27.35,478,128,-0.233331712,4.113105175,-0.051862171,1.86088954,36.63969345,33.96597241,0,0,0
751,ClCC=C(Cl)C,618,37.8,325,124,-0.226040096,4.093478326,-0.047150449,1.259354522,24.50898611,35.16141241,0,0,0
752,CCCCCC=CC,572,25.89,461,112,-0.204165248,4.038336228,-0.034743603,1.783539996,37.50184538,44.85069673,0,0,0
753,CCC=CCC,509,31.69,351,84,-0.153123936,3.93147894,-0.014657457,1.346426629,31.81491189,0.394168169,1,1,1
754,CCCC=CCC,545,28.4,421,98,-0.178644592,3.981091252,-0.023275499,1.621100772,35.77497387,25.96821785,0,0,0
755,CCCC=CCCC,568,25.89,461,112,-0.204165248,4.038336228,-0.034743603,1.783539996,37.76594289,45.87077206,0,0,0
756,CCCC=CC,513,31.6,359,84,-0.153123936,3.93147894,-0.014657457,1.377008716,32.2838365,2.164039546,0,1,1
757,CCC=CCC,509,31.69,351,84,-0.153123936,3.93147894,-0.014657457,1.346426629,31.81491189,0.394168169,1,1,1
758,C=CCCCCCCCCCCCCC,708,15.7,875,210,-0.38280984,4.652765628,-0.22902277,3.54905837,60.29005768,284.0131063,0,0,0
759,CCCCCC=CC,577,25.8,484,112,-0.204165248,4.038336228,-0.034743603,1.871984197,39.0204416,51.24202169,0,0,0
760,CC=CCCCC,543,28.49,406,98,-0.178644592,3.981091252,-0.023275499,1.563600489,34.63313318,21.56241903,0,0,0
761,CCC=CCCC,540,28.49,406,98,-0.178644592,3.981091252,-0.023275499,1.563600489,34.82553948,22.2377658,0,0,0
762,CCCC=CCCC,573,25.8,480,112,-0.204165248,4.038336228,-0.034743603,1.856618114,38.97030243,51.04768384,0,0,0
763,CCCCC=CCC,574,25.8,480,112,-0.204165248,4.038336228,-0.034743603,1.856618114,38.90240992,50.78453457,0,0,0
764,CCCCC(CC)CC,590,23.89,528,128,-0.233331712,4.113105175,-0.051862171,2.054808214,41.88756323,75.3351328,0,0,0
765,CCCCC(C)CCCC,610,21.6,583,142,-0.258852368,4.186705857,-0.070808568,2.282059874,44.99487138,108.3095897,0,0,0
766,CCC(C)(C)CC(C)C,581,24.59,511,128,-0.233331712,4.113105175,-0.051862171,1.989006764,41.17427327,67.44316091,0,0,0
767,CCC(CC)C(C)(C)C,590,25.7,511,128,-0.233331712,4.113105175,-0.051862171,1.989006764,40.54619113,57.76728067,0,0,0
768,CC(C)C(C)(C)C(C)C,607.7,27.16,493,128,-0.233331712,4.113105175,-0.051862171,1.919187641,37.98341573,39.85057338,0,0,0
769,CCC1(C)CCCC1,582,30.19,428,112,-0.204165248,4.038336228,-0.034743603,1.656264496,34.22729064,13.37294017,0,0,0
770,CCCCCC(C)CCC,610,21.6,583,142,-0.258852368,4.186705857,-0.070808568,2.282059874,44.99487138,108.3095897,0,0,0
771,O=CCC(C)CCC,595,28.49,421,114,-0.207811056,4.047137156,-0.036638302,1.630373802,32.95611709,15.67608668,0,0,0
772,OC(C)COCC(O)C,654,35.8,415,134,-0.244269136,4.143713712,-0.059502495,1.618069444,29.75673129,16.88063885,0,0,0
,,,,,,,,,,,,0.024611399,0.075129534,0.115284974
