,SMILES,Experimental Pc,Prediction Pc,stdev,Tc
0,BrC,80,79.62891789,1.14083274,467
1,BrC(C)C,55.09,43.9592919,0.808650627,532
2,BrC(F)(F)F,39.7,39.72132968,1.141268297,340.15
3,Brc1ccc(C)cc1,43.7,42.84807131,0.660806935,699
4,Brc1ccccc1,45.19,45.105383,1.140794453,670.15
5,BrCC,62.29,62.06295433,1.140802261,503.8
6,BrCCBr,54.76,42.53947963,0.8086516,650.15
7,BrCCCC,45.39,34.55830947,0.660803992,577
8,C#CC,56.27,56.15477273,1.140945229,402.39
9,C#CC(=C)C,43.79,43.75690136,1.140810119,492
10,C#CC(C)C,42,42.00782808,1.140836976,463.2
11,C#CC=C,48.59,48.53841248,1.140848207,454
12,C#Cc1ccccc1,42.79,42.7170972,1.140792063,650
13,C#CCC,49.5,49.44496741,1.140863293,443.2
14,C#CCC=C,44,44.02057369,1.139703933,503
15,C#CCCC,41.7,41.69699105,1.140818831,481.2
16,C#CCCCC,36.2,38.20390642,11.5093001,516.2
17,C#CCCCCC,31.39,35.6872303,0.66080405,559
18,C#CCCCCCC,28.19,33.84449218,11.49825551,585
19,C=C(C)C,40,40.04597856,1.140908374,417.9
20,C=C(C)C(=C)C,35.2,40.12398169,0.660805415,526
21,C=C(C)C(C)(C)C,31.39,30.67107078,0.80865085,531
22,C=C(C)C(C)C,32.2,35.81607006,0.658634514,500
23,C=C(C)c1ccccc1,33.6,30.7846869,0.572510495,654
24,C=C(C)CC(C)(C)C,26.29,35.88267632,0.512195113,553
25,C=C(C)CCC(=C)C,27.4,30.32060964,0.808648816,567
26,C=C=C(C)C,38.29,40.62726706,11.52537654,490
27,C=C=CC,43.6,43.59895775,1.14085084,452
28,C=C=CCC,37.99,35.81607006,0.658634514,500
29,C=C1C=CC(CC1)C(C)C,28.19,27.6821044,0.660805448,648
30,C=C1CCC2CC1C2(C)C,27.59,35.35337405,0.512195661,643
31,C=CBr,71.79,71.4957047,1.140826503,473
32,C=CC,46.65,46.61787733,1.141086641,365.57
33,C=CC(=C)C,38.5,38.52620939,1.140815931,484
34,C=CC(=C)Cl,42.6,42.54858295,1.140792037,525
35,C=CC(=O)O,56.6,40.66628508,0.808650147,615
36,C=CC(=O)OC,42.49,36.84472882,0.808523364,536
37,C=CC(=O)OCC(C)C,29.49,40.74746131,0.808522514,587
38,C=CC(C)(C)C,32.9,41.49728097,11.53373,480
39,C=CC(C)C,35.2,35.28301889,1.140853038,450.37
40,C=CC(C)CC,32.9,32.97201752,1.140807963,495
41,C=CC(CC)CC,30.3,35.45259021,0.808650964,530
42,C=CC(Cl)CCl,38.5,38.45324275,1.140785105,589
43,C=CC=C,42.77,42.77206592,1.140500743,425.17
44,C=CC=CC,37.4,34.8249011,0.808656294,499
45,C=CC=CC,37.4,35.81607006,0.658634514,500
46,C=CC1CC=CCC1,34.29,31.35679792,0.808649469,599
47,C=Cc1ccc(C)cc1,33.6,31.22052838,0.80865221,665
48,C=Cc1cccc(C)c1,32.9,31.12357308,0.808651873,657
49,C=Cc1cccc(C=C)c1,31.19,31.256615,1.140798011,692
50,C=Cc1ccccc1,38.4,38.36325206,1.140790508,636
51,C=Cc1ccccc1C,34.69,34.70256375,1.140793076,659
52,C=CCC,40.42,40.46158757,1.140904113,419.95
53,C=CCC(C)C,32.2,32.27803967,1.140807269,496
54,C=CCC(C)CC,30.39,30.45181358,1.140789074,534
55,C=CCC=C,37.4,37.4413944,1.140820796,479
56,C=CCCC,35.13,35.2047543,1.140835187,464.78
57,C=CCCC=C,33.5,42.59293299,0.512196486,507
58,C=CCCCC,31.39,39.33691422,11.51578615,504.03
59,C=CCCCCC,28.3,28.37251305,1.140685089,537.29
60,C=CCCCCCC,25.67,34.4588238,11.49773204,566.65
61,C=CCCCCCCC,23.29,33.73306598,11.49896982,593.25
62,C=CCCCCCCCC,22.18,33.95816176,11.5016804,616.4
63,C=CCCCCCCCCC,20.3,28.32720293,0.808651005,638
64,C=CCCCCCCCCCC,19.3,19.46410194,1.140792915,657.6
65,C=CCCCCCCCCCCC,17.7,30.83526358,0.572510825,675
66,C=CCCCCCCCCCCCC,16.6,31.256615,1.140798011,692
67,C=CCCCCCCCCCCCCC,15.7,19.99332172,0.80865502,708
68,C=CCCCCCCCCCCCCCC,14.79,39.09645059,0.660808067,722
69,C=CCCCCCCCCCCCCCCCC,13.4,13.65552066,1.140815373,748
70,C=CCCCCCCCCCCCCCCCCCC,12.19,35.00386849,0.572514827,771
71,C=CCl,56.7,56.57784573,1.140881378,432
72,C=CCN,51.7,51.57669622,1.140801553,505
73,C=CCNCC=C,33.2,35.03304274,11.49837535,556
74,C=CCO,56.19,55.97199434,1.140428241,545.05
75,C=CCOC(=O)C,36.8,35.6872303,0.66080405,559
76,C=CF,52.4,52.28705682,1.141395937,327.8
77,C=COC(=O)C,39.57,39.55381584,1.140794393,519.13
78,C=COC(=O)CC,36.8,35.2074593,0.808649537,546
79,C=COCC,40.7,40.69878651,1.140455497,475.15
80,C=COCCCC,31.19,36.84472882,0.808523364,536
81,C1=CC=CC1,51.5,42.59293299,0.512196486,507
82,C1=CC=CCC1,47.29,36.78066651,0.808648981,558
83,C1=CC=CN1,65.29,64.98883326,1.14079093,639.75
84,C1=CC=CS1,56.9,56.6730738,1.140784451,579.35
85,C1=CCC=CC1,47.29,44.79279985,0.808648806,569
86,C1=CCCC=CCC1,38.99,37.83577976,0.572510369,645
87,C1=CCCC1,48.01,42.59293299,0.512196486,507
88,C1=CCCCC1,43.49,40.2675511,0.808648917,560.4
89,C1=CCCCCC1,40.1,32.97185962,0.57250967,598
90,C1CC1,54.94,54.83730787,1.140957698,397.91
91,c1cc2ccc3cccc4ccc(c1)c2c34,26.1,26.18790687,1.141613098,936
92,c1cc2cccc3C=Cc(c1)c23,32,44.63599384,0.660815154,792
93,c1cc2cccc3CCc(c1)c23,31,40.38163482,0.80867329,803.15
94,c1ccc(cc1)C(c2ccccc2)c3ccccc3,21.99,33.0696576,11.72981711,865
95,c1ccc(cc1)C=Cc2ccccc2,27.4,27.48063768,1.140876869,820
96,c1ccc(cc1)C=Cc2ccccc2,27.4,35.80550437,0.808667,784
97,c1ccc(cc1)c2ccccc2,38.5,38.49110219,1.140839435,789.26
98,C1CCC(CC1)c2ccccc2,28.79,28.89356186,1.140813703,744
99,C1CCC(CC1)C2CCCCC2,25.59,25.72456769,1.140807375,727
100,c1ccc(cc1)Cc2ccccc2,29.19,20.48096757,0.808663352,768
101,c1ccc(cc1)CCc2ccccc2,26.49,26.60517407,1.140832462,780
102,c1ccc(cc1)COCc2ccccc2,25.59,28.68793434,0.808665273,777
103,c1ccc(cc1)Nc2ccccc2,31.79,31.8292315,1.140871848,817
104,c1ccc(cc1)Oc2ccccc2,30.79,30.86852295,1.140824412,766.8
105,c1ccc(cc1)P(c2ccccc2)c3ccccc3,78.4,42.99602756,13.22074957,1008
106,C1CCC1,49.8,49.73278056,1.140840807,459.93
107,c1ccc2c(c1)Cc3ccccc23,46.99,46.85079556,1.141041143,870
108,c1ccc2c(c1)ccc3ccccc23,29,29.03909808,1.1410372,869.25
109,c1ccc2c(c1)Nc3ccccc23,32.6,32.60311995,1.141237722,899
110,c1ccc2c(c1)Sc3ccccc23,38.59,32.86986409,11.93196268,897
111,c1ccc2CC=Cc2c1,38.19,38.13237613,0.808525353,687
112,c1ccc2cc3ccccc3cc2c1,29,29.03826397,1.141057465,873
113,c1ccc2cc3ccccc3nc2c1,36.39,36.35735792,1.141289464,905
114,c1ccc2CCCc2c1,39.49,39.4705632,1.140796692,684.9
115,c1ccc2ccccc2c1,40.5,40.48715686,1.140815523,748.35
116,C1CCc2ccccc2C1,36.2,40.83603785,0.808656257,720.15
117,C1CCC2CCCCC2C1,32.39,38.41861114,11.51388744,702.25
118,C1CCC2CCCCC2C1,29.7,29.78467066,1.140435447,687.05
119,c1ccc2cccnc2c1,46.6,38.00815985,11.54791929,782.15
120,c1ccc2SC=Cc2c1,41.4,41.37725766,1.140818026,754
121,C1CCCC1,45.01,44.94668571,1.140797863,511.76
122,c1ccccc1,48.97,34.68264785,11.49790485,562.16
123,C1CCCCC1,40.72,40.66269101,1.140779678,553.58
124,C1CCCCCC1,38.4,38.35390641,1.140786702,604.3
125,C1CCCCCCC1,34.8,32.24214224,0.660805277,640
126,CC#CC,48.69,48.62426206,1.140826305,473.2
127,CC(C)(C)C,31.99,32.11195095,1.140878322,433.78
128,CC(C)(C)C(C)(C)C,28.7,29.38005632,0.660803972,568
129,CC(C)(C)c1ccccc1,29.7,32.51169336,0.660805711,660
130,CC(C)(C)CC(C)(C)C,23.6,23.707934,1.140429286,571.35
131,CC(C)(C)OC(C)(C)C,25.29,34.37261654,0.572509626,550
132,CC(C)=C(C)C,31.6,37.4957844,11.50597039,524
133,CC(C)=CC(C)(C)C,26.29,36.78066651,0.808648981,558
134,CC(C)C,36.48,36.56113843,1.140930522,408.14
135,CC(C)C(=O)C(C)C,30.19,31.78433133,0.660803986,576
136,CC(C)C(C)(C)C,29.53,29.60268093,1.140789922,531.17
137,CC(C)C(C)(C)C(C)C,27.16,27.22558479,1.140787108,607.7
138,CC(C)C(C)C,31.26,31.44755913,1.130467226,499.98
139,CC(C)C(C)C(C)(C)C,25.63,25.71031626,1.14078539,592.15
140,CC(C)C(C)C(C)C,27.29,27.36114138,1.140784281,566.3
141,CC(C)c1ccc(cc1)C(C)C,24.5,35.95401273,0.808653506,689
142,CC(C)c1cccc(c1)C(C)C,24.5,31.87876558,0.808525211,684
143,CC(C)C1CCCC1,30.39,45.94557869,0.512195134,593
144,CC(C)c1ccccc1,32.08,32.10363721,1.140789944,631.1
145,CC(C)C1CCCCC1,28.49,28.5475317,1.140789462,627
146,CC(C)c1ccccc1C,29.3,34.42678767,0.572510611,662
147,CC(C)CC(=O)CC(C)C,24.8,40.66628508,0.808650147,615
148,CC(C)CC(C)(C)C,25.67,25.76865922,1.139689255,543.96
149,CC(C)CC(C)C,27.36,27.46411015,1.140794115,519.79
150,CC(C)CC(O)CC(C)C,25.5,29.07330264,0.80864963,603
151,CC(C)Cc1ccccc1,30.39,42.53947963,0.8086516,650.15
152,CC(C)CCC(C)(C)C,23.29,33.18709551,11.14828939,568.05
153,CC(C)CCC(C)C,24.89,34.37261654,0.572509626,550
154,CC(C)CCCC(C)C,22.99,23.09891537,1.140784435,579
155,CC(C)CCCCC(C)C,21.29,21.41328571,1.140786667,604
156,CC(C)CNCC(C)C,25.7,33.98972633,1.140784483,580
157,CC(C)COC(=O)C(=C)C,26.7,26.77086441,1.140787633,612
158,CC(C)COC(=O)C(C)C,26.1,35.43645404,0.808649589,602
159,CC(C)NC(C)C,32,32.05521009,1.140792764,523.1
160,CC(C)OC(C)C,28.79,28.92049747,1.140154374,500.05
161,CC(c1ccccc1)c2ccccc2,26.8,38.37123268,11.5431087,775
162,CC=C(C)C,33.99,34.07149836,1.140828522,471
163,CC=CC,42.42,44.24658607,11.58950515,435.58
164,CC=CC,41,41.03420932,1.140887365,428.63
165,CC=CC(C)C,32.2,32.2734591,1.140803977,501
166,CC=CC(C)C,32.2,34.8249011,0.808656294,499
167,CC=CC=CC,33.5,39.13209258,0.808650429,535
168,CC=Cc1ccccc1,33.6,25.10296509,0.808652486,671
169,CC=Cc1ccccc1,33.6,34.85887799,0.808652438,670
170,CC=CCCCC,28.49,29.02447925,0.808649742,543
171,CC1(C)CCCC1,34.44,36.61506314,0.808649475,547
172,CC1(C)CCCCC1,29.38,29.40174923,0.808649183,591.15
173,CC1(C)OC1,46.6,48.39186731,0.808652144,521
174,CC1=CC=CS1,49.1,48.94854953,1.140787266,609
175,CC1=CCC(CC1)=C(C)C,27.7,31.86943982,0.808652534,672
176,CC1=CCC2CC1C2(C)C,27.59,37.49526705,0.660732512,632
177,CC1=CCCC1,41.3,41.24748484,1.140787075,542
178,CC1=CSC=C1,49.1,36.88996003,0.660804654,613
179,CC1C=CCC1,41.3,40.12398169,0.660805415,526
180,Cc1cc(C)c(C)c(C)c1,29.7,31.57304385,0.808652898,679
181,Cc1cc(C)c(C)cc1C,29.4,29.47475068,1.140795147,675.15
182,Cc1cc(C)cc(C)c1,31.26,31.2945912,1.140790662,637.36
183,Cc1cc(cc(c1)N(=O)=O)N(=O)=O,33.99,34.00951551,1.14086719,814
184,CC1CC=CC1,41.3,41.25970932,1.140791311,527
185,Cc1ccc(C)c(C)c1,32.31,32.34038116,1.140791962,649.13
186,Cc1ccc(C)c(C)c1C,31.09,23.46751547,0.808653784,693
187,Cc1ccc(C)c(O)c1,48.99,48.88733153,1.140801435,707.05
188,CC1CCC(C)C1,34.44,35.88267632,0.512195113,553
189,CC1CCC(C)C1,34.44,34.44902929,1.140785497,551
190,Cc1ccc(C)cc1,35.11,35.0985524,1.140788153,616.23
191,CC1CCC(C)CC1,29.38,29.42292794,1.140786003,598.15
192,CC1CCC(C)CC1,29.38,26.4217053,0.808649151,590.15
193,Cc1ccc(cc1)C(=O)O,38.59,44.21126088,0.808664383,773
194,Cc1ccc(cc1)C(C)C,28,28.07534076,1.140792413,653.15
195,Cc1ccc(cc1)N(=O)=O,37.99,38.00264596,1.140810576,736
196,Cc1ccc(O)c(C)c1,44,43.94697106,1.14080159,707.65
197,Cc1ccc2cc(C)ccc2c1,31.69,28.68793434,0.808665273,777
198,Cc1ccc2ccc(C)cc2c1,31.69,32.31636229,0.660813083,778
199,Cc1ccc2ccccc2c1,34.99,50.43741291,0.808662037,761
200,Cc1cccc(C)c1,35.36,35.34000005,1.14043191,617.05
201,CC1CCCC(C)C1,29.38,29.40174923,0.808649183,591.15
202,CC1CCCC(C)C1,29.38,32.97185962,0.57250967,598
203,Cc1cccc(C)c1C,34.54,34.175626,1.100212486,664.53
204,Cc1cccc(C)c1O,43,42.95766529,1.140439549,701.05
205,Cc1cccc(C)n1,37.8,37.76417377,1.140789072,623.75
206,Cc1cccc(c1)C(C)C,29.3,31.12357308,0.808651873,657
207,Cc1cccc(c1)N(=O)=O,37.99,30.28657051,0.660808946,734
208,CC1CCCC1,37.84,36.73405703,11.50294787,532.79
209,CC1CCCC1C,34.45,32.43388656,0.808649156,553.15
210,CC1CCCC1C,34.45,34.45079754,1.140784314,565.15
211,Cc1cccc2ccccc12,36.59,36.5950781,1.140717147,772.04
212,Cc1ccccc1,41.05,40.97767541,1.140785356,591.8
213,CC1CCCCC1,34.7,34.6952609,1.140784239,572.19
214,Cc1ccccc1C,37.34,34.43472958,11.50338031,630.33
215,CC1CCCCC1C,29.38,29.42340593,1.140786922,606.15
216,CC1CCCCC1C,29.38,29.42295547,1.140785789,596.15
217,Cc1ccncc1,46.6,46.48723341,1.140791639,646.15
218,Cc1cnccc1,43.79,37.83577976,0.572510369,645
219,Cc1ncccc1,43.79,33.64721517,0.80865041,621
220,CCC,42.47,42.48139005,1.141064525,369.83
221,CCC#CC,40.29,40.2668041,1.140794449,519
222,CCC#CCC,35.29,31.34766271,0.80826081,544
223,CCC(=C)C,33.99,34.07588714,1.140834941,465
224,CCC(=C)CC,31.6,31.66923688,1.140797741,512
225,CCC(=O)C,41.49,41.44068953,1.140788654,535.5
226,CCC(=O)C(C)C,33.2,30.32060964,0.808648816,567
227,CCC(=O)CC,37.4,37.38600006,1.140427076,560.95
228,CCC(=O)O,46.16,46.03684512,1.140786299,600.81
229,CCC(=O)OC,40.03,39.99920108,1.140790102,530.6
230,CCC(=O)OC(=O)CC,32.69,31.75201873,0.808650496,623
231,CCC(C(C)C)C(C)C,25.29,29.96394614,0.808649179,591
232,CCC(C)(C)C,30.8,40.73633473,11.52632515,488.78
233,CCC(C)(C)C(C)(C)C,27.35,27.4142101,1.140787492,610.85
234,CCC(C)(C)C(C)C,28.19,28.24922411,1.140784258,573.5
235,CCC(C)(C)CC,29.45,29.51917202,1.140788413,536.4
236,CCC(C)(C)CC(C)C,24.59,24.6825323,1.140784536,581
237,CCC(C)(CC)CC,28.1,28.15908173,1.140784335,576.5
238,CCC(C)=CC,31.9,38.13028997,11.50892966,517
239,CCC(C)=CC,32.9,32.95361044,1.14079627,515
240,CCC(C)C,33.81,33.90077145,1.14084021,460.43
241,CCC(C)C(C)(C)C,27.29,27.36223155,1.140784097,563.5
242,CCC(C)C(C)C,29.08,29.14284175,1.140686356,537.35
243,CCC(C)C(C)CC,26.89,26.96366414,1.140783957,568.8
244,CCC(C)c1ccccc1,29.49,29.89819383,1.100212496,664.54
245,CCC(C)CC,31.23,31.30989665,1.140801888,504.43
246,CCC(C)CC(C)C,25.59,25.68651846,1.140779687,553.5
247,CCC(C)CCCC(C)C,21.69,32.56399412,0.660804488,606
248,CCC(C)OC(=O)C,31.69,40.27951907,0.660733888,561
249,CCC(CC)(CC)CC,26.74,26.79974434,1.140428534,610.05
250,CCC(CC)C(=O)O,34.09,30.81452075,0.808651792,655
251,CCC(CC)C(C)(C)C,25.7,24.83962477,0.808649146,590
252,CCC(CC)C(C)C,27,30.32060964,0.808648816,567
253,CCC(CC)CC,28.9,28.97129061,1.140787374,540.64
254,CCC(Cl)C,39.5,39.48285184,1.140793431,520.6
255,CCC(Cl)Cl,42.4,42.32475203,1.140784575,560
256,CCC(O)(C)C,37.1,37.08780157,1.140786724,543.7
257,CCC(O)C,41.79,41.73509437,1.140429916,536.05
258,CCC(O)c1ccccc1,34.9,34.92140429,1.140795419,677
259,CCC(O)CC,38.8,36.61506314,0.808649475,547
260,CCC=C(C)C,31.6,31.67334572,1.140790682,514
261,CCC=CC,36.39,36.44475998,1.140455446,475.2
262,CCC=CC,36.59,36.64328142,1.14082532,474.2
263,CCC=CCC,31.69,31.76111472,1.140799309,509
264,CCC=CCC,31.69,31.76111472,1.140799309,509
265,CCC=CCCC,28.49,28.5658427,1.14078752,540
266,CCC1(C)CCCC1,30.19,33.62428795,0.660804039,582
267,CCc1c(C)cccc1C,30.19,25.10296509,0.808652486,671
268,CCc1cc(C)cc(C)c1,27.49,30.81452075,0.808651792,655
269,CCc1cc(C)ccc1C,28.79,38.08705377,0.66080578,663
270,CCc1ccc(C)c(C)c1,28.79,34.43670931,0.660805876,667
271,CCc1ccc(C)cc1,32.32,32.23051743,1.131359851,640.23
272,CCc1ccc(C)cc1C,28.79,31.22052838,0.80865221,665
273,CCc1ccc(CC)cc1,28.02,28.07828441,1.139690286,657.96
274,CCc1ccc(O)cc1,42.89,42.85093557,1.140804034,716.45
275,CCc1ccc2ccccc2c1,31.69,35.00386849,0.572514827,771
276,CCc1cccc(C)c1,28.4,27.8793209,0.808651086,637.15
277,CCc1cccc(C)c1C,31.3,40.57812944,0.808652826,680
278,CCc1cccc(CC)c1,28.79,38.08705377,0.66080578,663
279,CCc1cccc(CC)c1N,31.19,37.12198256,11.50916106,678
280,CCC1CCCC1,33.98,33.98346886,1.140784232,569.52
281,CCc1cccc2ccccc12,30,30.08241124,1.140829823,776
282,CCc1ccccc1,36.05,36.02949728,1.140788273,617.2
283,CCC1CCCCC1,30.39,33.80593833,11.50077962,609.15
284,CCc1ccccc1C,30.39,30.44052404,1.140792191,651.15
285,CCc1ccccc1CC,28.79,34.35080191,0.808652345,668
286,CCc1ccccc1N,37.4,37.41084008,1.140800668,704
287,CCC1OC1,43.9,40.12398169,0.660805415,526
288,CCCC,37.96,38.0246042,1.140500844,425.12
289,CCCC#CC,35.29,35.29195672,1.140785789,549
290,CCCC(=C)C,31.6,42.59293299,0.512196486,507
291,CCCC(=C)CC,29.49,29.02447925,0.808649742,543
292,CCCC(=O)C,36.94,36.91955336,1.140779106,561.08
293,CCCC(=O)CC,33.2,33.20684385,1.140784643,582.82
294,CCCC(=O)CCC,29.19,28.86429214,0.808649317,595
295,CCCC(=O)O,40.64,33.94041257,11.50159321,615.7
296,CCCC(=O)OC,34.73,34.73391671,1.140785064,554.5
297,CCCC(=O)OC(=O)CCC,26.4,26.48607626,1.140791402,644
298,CCCC(=O)OCC,29.49,29.53731354,1.140784231,571
299,CCCC(C)(C)C,27.73,27.82986522,1.140793473,520.5
300,CCCC(C)(C)CC,26.49,26.57119931,1.140784452,562
301,CCCC(C)C,30.09,30.18756263,1.14080625,497.5
302,CCCC(C)C(C)C,26.29,26.37221639,1.140784101,563.4
303,CCCC(C)C=C,29.49,29.5657759,1.140790963,528
304,CCCC(C)CC,28.13,36.509673,11.50192076,535.25
305,CCCC(C)CCC,25.42,25.51193049,1.140784466,561.74
306,CCCC(C)CO,33.99,33.62428795,0.660804039,582
307,CCCC(CC)CC,26.1,26.18335022,1.140784307,565.4
308,CCCC(O)C,37.1,40.2675511,0.808648917,560.4
309,CCCC=CC,31.6,31.63432824,0.808653438,513
310,CCCC=CC,31.6,31.63432824,0.808653438,513
311,CCCC=CCC,28.4,34.38544711,0.660735245,545
312,CCCC=CCCC,25.89,29.38005632,0.660803972,568
313,CCCC=CCCC,25.8,25.88307243,1.140784249,573
314,CCCc1ccc(C)cc1,28.1,33.61083712,0.808651833,656
315,CCCc1cccc(C)c1,28.1,30.7846869,0.572510495,654
316,CCCC1CCCC1,30.19,57.1556324,1.140785774,596
317,CCCc1ccccc1,32,34.80368771,11.50431327,638.38
318,CCCC1CCCCC1,28.07,35.66269642,3.91382528,639.15
319,CCCc1ccccc1C,29.4,34.42678767,0.572510611,662
320,CCCCC,33.69,33.77544822,1.140829866,469.7
321,CCCCC(=C)C,28.7,34.45426744,0.808650147,538
322,CCCCC(=C)CC,30.7,28.27936975,0.808648817,574
323,CCCCC(=O)C,33.23,33.25360707,1.140427883,587.05
324,CCCCC(=O)CC,29.19,30.30471273,0.660804353,600
325,CCCCC(=O)CCCC,24.1,32.24214224,0.660805277,640
326,CCCCC(=O)O,35.72,35.71131173,1.140790864,639.16
327,CCCCC(C)(C)C,25.29,25.38968674,1.140760742,549.8
328,CCCCC(C)C,27.33,27.42513817,1.140790175,530.37
329,CCCCC(C)CC,25.46,25.55053785,1.140784371,563.67
330,CCCCC(C)CC(C)C,21.69,30.30471273,0.660804353,600
331,CCCCC(C)CCC,23.39,23.49304364,1.140784992,587.65
332,CCCCC(C)CCCC,21.6,28.03337147,0.572464829,610
333,CCCCC(C=O)CC,25.8,25.87895626,1.140787024,607
334,CCCCC(CC)CC,23.89,24.83962477,0.808649146,590
335,CCCCC(CO)CC,27.29,27.43586531,1.131359857,640.25
336,CCCCC=CC,28.4,35.29195672,1.140785789,549
337,CCCCC=CCC,25.8,28.27936975,0.808648817,574
338,CCCCC1CCCC1,27.19,33.64721517,0.80865041,621
339,CCCCc1ccccc1,28.86,28.93121996,1.140793257,660.55
340,CCCCC1CCCCC1,25.7,34.43670931,0.660805876,667
341,CCCCCC,30.24,39.00335799,11.51371451,507.6
342,CCCCCC(=O)C,29.19,29.23612325,1.140787577,611.55
343,CCCCCC(=O)O,33.07,35.96078663,11.50630737,659.1
344,CCCCCC(C)(C)C,23.5,23.60453018,1.140784345,576.8
345,CCCCCC(C)C,24.83,24.92891186,1.1407846,559.64
346,CCCCCC(C)CC,23.39,26.4217053,0.808649151,590.15
347,CCCCCC(C)CCC,21.6,28.03337147,0.572464829,610
348,CCCCCC(O)C,30.3,32.50675523,11.15108856,588
349,CCCCCC=CC,25.89,25.97256206,1.140784237,572
350,CCCCCC=CC,25.8,34.55830947,0.660803992,577
351,CCCCCc1ccccc1,26.03,26.1410564,1.140795506,679.9
352,CCCCCCC,27.4,27.53109474,1.140431398,540.2
353,CCCCCCC(=O)C,26.4,35.59199432,0.660804916,624
354,CCCCCCC(=O)O,30.42,30.4856652,1.140795395,676.84
355,CCCCCCC(C)C,22.9,23.00804158,1.140784921,586.75
356,CCCCCCC(C)CC,21.6,36.88996003,0.660804654,613
357,CCCCCCC(O)C,27.29,27.8793209,0.808651086,637.15
358,CCCCCCCC,24.89,24.98357628,1.140783958,568.7
359,CCCCCCCC(=O)C,24.1,35.35337405,0.512195661,643
360,CCCCCCCC(=O)O,27.79,59.78659412,3.913884179,694.26
361,CCCCCCCC(C)C,21.2,28.03337147,0.572464829,610
362,CCCCCCCc1ccccc1,21.8,21.96900742,1.140803322,714
363,CCCCCCCCC,22.9,23.00717502,1.14078563,594.6
364,CCCCCCCCC(=O)O,25.13,25.26493129,1.140802402,710.7
365,CCCCCCCCc1ccccc1,20.2,45.00551104,0.57251246,729
366,CCCCCCCCCC,21.09,21.21775046,1.140788334,617.7
367,CCCCCCCCCC(=O)O,22.5,22.66424947,1.140805342,722.1
368,CCCCCCCCCC(=O)OC,19.9,25.10296509,0.808652486,671
369,CCCCCCCCCCC,19.49,33.05390292,0.80865116,639
370,CCCCCCCCCCC(=O)O,20.79,27.75245123,0.808657667,732
371,CCCCCCCCCCCC,18.19,28.60649759,0.660592827,658
372,CCCCCCCCCCCC(=O)O,19.39,30.28657051,0.660808946,734
373,CCCCCCCCCCCCC,16.79,30.83526358,0.572510825,675
374,CCCCCCCCCCCCCC,15.7,23.46751547,0.808653784,693
375,CCCCCCCCCCCCCC(=O)O,17,17.21571365,1.140823443,765
376,CCCCCCCCCCCCCCC,14.79,19.99332172,0.80865502,708
377,CCCCCCCCCCCCCCCC,14,40.39357355,0.808656578,723
378,CCCCCCCCCCCCCCCCC,13.4,38.00264596,1.140810576,736
379,CCCCCCCCCCCCCCCCCC,12.7,28.53229305,0.66080994,747
380,CCCCCCCCCCCCCCCCCCC,12.1,30.9353548,0.808661511,758
381,CCCCCCCCCCCCCCCCCCC(=O)O,12.99,36.10016718,11.57842272,812
382,CCCCCCCCCCCCCCCCCCCC,11.59,20.48096757,0.808663352,768
383,CCCCCCCCCCCCCCCCCCCCC,11.1,32.31636229,0.660813083,778
384,CCCCCCCCCCCCCCCCCCCCCC,10.59,25.90415468,0.808667817,787
385,CCCCCCCCCCCCCCCCCCCCCCC,10.2,31.0307529,0.808670614,796
386,CCCCCCCCCCCCCCCCCCCCCCCC,9.8,26.84403485,0.80867364,804
387,CCCCCCCCCCCCCCCCCCCCCCCCC,9.5,36.10016718,11.57842272,812
388,CCCCCCCCCCCCCCCCCCCCCCCCCC,9.09,9.352609894,1.140875153,819
389,CCCCCCCCCCCCCCCCCCCCCCCCCCCC,8.5,8.75976805,1.140901146,832
390,CCCCCCCCCCCCCCCCCCCCCCCCCCCCCC,7.99,28.96521079,0.808702001,844
391,CCCCCCCCCCCCCCCCCCCCCCCCCCCCCCCC,7.5,7.756944382,1.140972151,855
392,CCCCCCCCCCCCCCCCCCCCCCCCCCCCCCCCCCCC,6.79,7.04797869,1.141063103,874
393,CCCCCCCCOC(=O)C,21.5,21.63903184,1.140792285,652
394,CCCCCCCOC(=O)C,23.29,23.40332935,1.140790621,637
395,CCCCCCOC(=O)C,25.4,38.85050197,0.660804774,618
396,CCCCCCOCC,24.59,24.68205047,1.140784655,583
397,CCCCCCOCCCCCC,18.16,28.60649759,0.660592827,658
398,CCCCCOC,29.89,29.87100773,0.808649895,541
399,CCCCCOC(=O)C,28,32.97185962,0.57250967,598
400,CCCCN(CCCC)CCCC,18,26.48607626,1.140791402,644
401,CCCCNCCCC,25.7,33.72908008,11.49995505,602.3
402,CCCCOC,33.39,33.44335899,1.140798776,510
403,CCCCOC(=O)C,31.09,31.11867445,1.140784442,579.15
404,CCCCOC(=O)C(=C)C,26.29,25.88531314,0.808650191,616
405,CCCCOC(=O)C=C,29.09,32.97185962,0.57250967,598
406,CCCCOC(=O)c1ccccc1,25.89,22.22451993,0.808656693,724
407,CCCCOC(=O)c1ccccc1C(=O)OCCCC,17.49,32.548405,0.660813478,781
408,CCCCOC(=O)CC,28,33.72806505,11.49904482,594
409,CCCCOC(=O)CCC,25.4,25.88531314,0.808650191,616
410,CCCCOC(=O)CCCC,23.29,34.37979858,11.5032224,629
411,CCCCOCCCC,24.59,24.6825323,1.140784536,581
412,CCCCS(=O)(=O)CCCC,25.4,25.53181401,1.140824521,767
413,CCCN(=O)=O,43.49,36.87935985,0.808649714,605
414,CCCN(CCC)CCC,22.29,22.40629127,1.140784371,577.5
415,CCCNCCC,31.39,34.37261654,0.572509626,550
416,CCCOC(=O)C,33.6,33.61213998,1.140760752,549.73
417,CCCOC(=O)C(C)C,28.4,28.45322285,1.140785118,589.15
418,CCCOC(=O)c1ccccc1,28.49,28.59141381,1.140802212,710
419,CCCOC(=O)CC,30.6,39.51471438,11.15037625,568.6
420,CCCOC(=O)CCC,28,33.72806505,11.49904482,594
421,CCCOCCC,30.27,39.99920108,1.140790102,530.6
422,CCCS(=O)(=O)CCC,31.09,38.85604165,11.53625463,763
423,CCCSC,39.7,38.68285011,0.660803986,565
424,CCCSCCC,30.79,29.71038975,0.808649842,608
425,CCN(=O)=O,51.59,45.94557869,0.512195134,593
426,CCN(CC)CC,30.39,30.45087443,1.14078875,535.15
427,CCNc1ccccc1,35.8,35.82423833,1.140799392,698.55
428,CCNCC,37.1,40.02680805,11.52056909,496.6
429,CCOC(=O)C,38.8,38.78770606,1.140792686,523.3
430,CCOC(=O)C(=C)C,32.49,34.55830947,0.660803992,577
431,CCOC(=O)C(=O)OCC,30.9,37.77428068,1.140791623,646
432,CCOC(=O)C(C)C,30.39,32.43388656,0.808649156,553.15
433,CCOC(=O)C=C,36.8,35.88267632,0.512195113,553
434,CCOC(=O)c1ccccc1,31.79,34.80472322,0.660806892,698
435,CCOC(=O)c1ccccc1C(=O)OCC,23.29,31.58225115,0.808661341,757
436,CCOC(=O)CC,33.61,35.2074593,0.808649537,546
437,CCOC(=O)CC(=O)C,32.69,35.35337405,0.512195661,643
438,CCOC(=O)CC(C)C,28.4,28.45339357,1.140785017,587.95
439,CCOC(=O)CCl,37.89,38.85050197,0.660804774,618
440,CCOC(=O)OCC,33.9,31.78433133,0.660803986,576
441,CCOC(C)(C)C,30.39,31.67334572,1.140790682,514
442,CCOC(C)(C)CC,27.4,31.34766271,0.80826081,544
443,CCOC(C)C,34.09,45.34372989,1.140812387,489
444,CCOC(C)OCC,29.79,29.87100773,0.808649895,541
445,CCOc1ccccc1,34.2,35.26591353,11.50529704,647.15
446,CCOCC,36.39,36.45091628,1.140833066,466.7
447,CCOCc1ccccc1,31.09,34.42678767,0.572510611,662
448,CCOCCC,33.7,33.75931637,1.140804465,500.23
449,CCOCCCC,29.89,30.67107078,0.80865085,531
450,CCOCCOC(=O)C,24.59,24.68036191,1.140785879,597
451,CCOCCOCC,29.3,40.27951907,0.660733888,561
452,CCOCOCC,32.79,37.4957844,11.50597039,524
453,CCOP(=O)(OCC)OCC,45.99,45.92255648,1.140816237,750
454,CCOS(=O)(=O)OCC,64.8,64.54647113,1.140815802,749
455,CCOS(=O)OCC,37.69,35.59199432,0.660804916,624
456,CCSCC,39.61,39.56399965,1.1407848,557.15
457,CCSSCC,38.7,37.88551143,0.80865128,642
458,ClC(Br)(F)F,42.53,42.54963556,1.140891948,426.15
459,ClC(C)(C)C,38.99,42.59293299,0.512196486,507
460,ClC(C)C,45.39,45.34372989,1.140812387,489
461,ClC(Cl)(Cl)C,43,34.38544711,0.660735245,545
462,ClC(Cl)(F)C(Cl)(F)F,34.09,34.20901057,1.140448541,487.25
463,ClC(Cl)C,50.69,37.56664529,11.50602104,523
464,ClC(Cl)C(Cl)Cl,40.89,37.83577976,0.572510369,645
465,ClC(F)(F)C,41.23,41.26415265,1.140925571,410.2
466,ClC(F)(F)C(Cl)(F)F,32.6,44.63368571,11.62067323,418.85
467,ClC(F)(F)C(F)(F)F,31.56,31.67027101,1.141163576,353.15
468,Clc1ccc(C)c(Cl)c1,35.9,38.30117947,0.808654747,705
469,Clc1ccc(C)cc1,39.1,32.51169336,0.660805711,660
470,Clc1ccc(cc1)N(=O)=O,39.8,42.23731036,0.57251355,751
471,Clc1ccc(Cl)cc1,40.7,40.66849805,1.140796666,684.75
472,Clc1ccc(N)cc1,45.9,41.37725766,1.140818026,754
473,Clc1ccc(O)cc1,53.19,53.05219032,1.140811333,738
474,Clc1cccc(c1)N(=O)=O,39.8,39.79467804,1.140812896,742
475,Clc1cccc(Cl)c1,40.7,40.65194877,1.140435419,683.95
476,Clc1cccc(N)c1,45.9,42.23731036,0.57251355,751
477,Clc1cccc(O)c1,53.19,45.00551104,0.57251246,729
478,Clc1ccccc1,45.19,34.52158681,11.50361803,632.35
479,Clc1ccccc1C,39.1,33.61083712,0.808651833,656
480,Clc1ccccc1Cl,40.7,38.30117947,0.808654747,705
481,Clc1ccccc1N,45.9,39.09645059,0.660808067,722
482,Clc1ccccc1O,49.99,30.83526358,0.572510825,675
483,ClCC,52.7,42.74629898,11.54590148,460.35
484,ClCC(Cl)CC,36.8,30.30471273,0.660804353,600
485,ClCC(Cl)Cl,44.79,35.43645404,0.808649589,602
486,ClCC=C(Cl)C,37.8,38.85050197,0.660804774,618
487,ClCC=CCCl,37.8,37.77428068,1.140791623,646
488,ClCC=CCCl,37.8,32.24214224,0.660805277,640
489,ClCc1ccccc1,39.1,37.58941658,11.51049063,686
490,ClCCCC,38.19,38.17215735,1.140788256,537
491,ClCCCCC,33.5,29.38005632,0.660803972,568
492,ClCCCCCCl,31.9,38.08705377,0.66080578,663
493,ClCCCCCl,36.1,39.62157178,0.80865124,641
494,ClCCCCl,41.49,29.07330264,0.80864963,603
495,ClCCCl,53.7,34.71234372,11.49793526,561.6
496,ClCOC,50.29,48.39186731,0.808652144,521
497,CN(C)C,40.7,40.73588112,1.140879224,433.25
498,CN(C)c1ccccc1,36.27,36.28342261,1.140796781,687.15
499,CN1C=CC=C1,47.69,28.03337147,0.572464829,610
500,CN1CCCC1,42,34.37261654,0.572509626,550
501,CNC,53.4,53.30879563,1.140872649,437.2
502,CNC(=O)C,49.8,49.69295112,1.140804497,718
503,CNc1ccccc1,51.97,51.83551784,1.14080008,701.55
504,CNC1CCCCC1,34.9,34.89230111,1.14078886,622
505,COC,53.7,53.60992713,1.140951484,400.1
506,COC(=O)C,47.5,47.41684633,1.140800663,506.55
507,COC(=O)C(=C)C,36.8,36.77729534,1.140784008,566
508,COC(=O)C(C)C,34.31,35.17868382,11.3981077,540.7
509,COC(=O)c1ccccc1,35.9,23.46751547,0.808653784,693
510,COC(=O)c1ccccc1C(=O)OC,27.79,27.8985223,1.140823978,766
511,COC(=O)c1ccccc1O,40.89,40.87506355,1.140439537,701
512,COC(=O)CC(=O)C,37.1,37.88551143,0.80865128,642
513,COC(=O)OC,45,44.90650615,1.140785947,548
514,COC(C)(C)C,34.29,34.34634409,1.140806519,497.1
515,COC(C)C,38.8,42.69994539,11.54946665,464.5
516,COc1ccc(O)cc1,49.69,30.9353548,0.808661511,758
517,COc1ccccc1,42.49,42.41762761,1.140791579,645.6
518,COc1ccccc1N(=O)=O,37.59,31.55461681,1.140833859,782
519,COc1ccccc1O,47.29,38.17306852,11.51267914,697
520,COCC,44,44.16588206,11.58586495,437.8
521,COCC(=O)O,49.8,49.68183096,1.140797814,691
522,COCC(C)C,34.09,41.73356647,11.16377461,497
523,COCC(O)C,43.39,35.88267632,0.512195113,553
524,COCCC,37.89,41.80275192,11.53716641,476.3
525,COCCOC,38.7,38.6779712,1.140788214,536.15
526,COCCOCCOC,28.59,29.71038975,0.808649842,608
527,COP(=O)(OC)OC,56.6,39.09645059,0.660808067,722
528,COS(=O)(=O)OC,70.09,69.78149802,1.140803901,716
529,CSC,55.3,55.13467705,1.139703904,503.04
530,CSC(C)(C)C,35.39,35.37948439,1.14078395,570
531,CSCC,42.6,42.54174724,1.140789365,533
532,CSCCCC,34.69,45.94557869,0.512195134,593
533,FC(F)(F)C,37.58,37.62634058,1.141215712,346.25
534,FC(F)(F)C(F)(F)C(F)(F)C(F)(F)C(F)(F)C(F)(F)F,18.7,18.9472143,1.140855201,448.8
535,FC(F)(F)C(F)(F)F,29.79,29.87639756,1.141941065,292.8
536,FC(F)(F)C1(F)C(F)(F)C(F)(F)C(F)(F)C(F)(F)C1(F)F,23.29,23.46447323,1.140814123,486.8
537,FC(F)C,45.19,45.18107692,1.140994509,386.44
538,Fc1c(F)c(F)c(F)c(F)c1F,32.72,38.1551151,11.50905393,516.73
539,Fc1ccccc1,45.5,34.86950975,11.49682049,560.09
540,FCC,50.27,50.20665553,1.141038794,375.31
541,IC(C)C,51.19,51.02000058,1.140784391,578
542,Ic1ccccc1,45.19,45.12938187,1.140805467,721.15
543,ICC,59.9,40.27951907,0.660733888,561
544,ICCC,50.29,45.94557869,0.512195134,593
545,ICI,54.7,28.53229305,0.66080994,747
546,N#CC(=C)C,38.8,38.7639311,1.14078512,554
547,N#CC(C)C,37.59,38.68285011,0.660803986,565
548,N#CC(O)(C)C,42.49,42.45714575,1.140432147,620
549,N#CC(O)C,50.29,35.35337405,0.512195661,643
550,N#CC=C,44.79,39.13209258,0.808650429,535
551,N#CC=CC,38.8,38.75074722,1.140784863,586
552,N#Cc1ccccc1,42.15,42.11174239,1.140799572,699.35
553,N#CCC,41.79,41.71849067,1.140784341,564.4
554,N#CCC(=O)OC,38.1,38.13237613,0.808525353,687
555,N#CCC(=O)OCC,33.39,31.57304385,0.808652898,679
556,N#CCC=C,38.8,35.28788575,0.808648978,584
557,N#CCc1ccccc1,34.6,27.75245123,0.808657667,732
558,N#CCCC,37.89,37.85054097,1.140784608,582.25
559,N#CCCC#N,35.39,34.70942034,0.808663754,770
560,N#CCCCC,32.6,29.07330264,0.80864963,603
561,N#CCCCC#N,31.49,31.55461681,1.140833859,782
562,N#CCCCCC#N,28.3,32.548405,0.660813478,781
563,N#CCCO,48.9,37.81106608,11.51123496,690
564,N#CCCOC,36.29,28.32720293,0.808651005,638
565,n1ccc2ccccc2c1,49.8,40.38163482,0.80867329,803.15
566,N1CCCC1,56.09,55.87497476,1.14078424,568.55
567,n1ccccc1,56.3,56.08761004,1.14043214,619.95
568,N1CCCCC1,46.5,33.72776193,11.49904988,594.05
569,N1CCCCCC1,42.7,35.59199432,0.660804916,624
570,N1CCOCC1,53.4,38.85050197,0.660804774,618
571,NC(C)(C)C,38.4,38.42728871,1.140816015,483.9
572,NC(C)C,45.39,45.35797843,1.140827657,471.85
573,Nc1ccc(C)c(N)c1,43.79,26.84403485,0.80867364,804
574,Nc1ccc(C)cc1,40,39.97998392,1.140798241,693.15
575,Nc1ccc(cc1)N(=O)=O,44.19,44.08553144,1.14095704,851
576,Nc1ccc(cc1)Nc2ccccc2,31.9,31.91098583,1.141025694,867
577,Nc1ccc(N)cc1,51.8,31.0307529,0.808670614,796
578,Nc1cccc(C)c1,41.54,41.51189497,1.140801984,709.15
579,Nc1cccc(c1)N(=O)=O,44.19,44.10783642,1.140868704,815
580,Nc1cccc(N)c1,51.8,51.63633343,1.140884175,824
581,Nc1ccccc1,53.1,42.84807131,0.660806935,699
582,NC1CCCCC1,42,40.66628508,0.808650147,615
583,Nc1ccccc1C,37.49,37.4961126,1.140798072,694.15
584,Nc1ccccc1N,51.8,32.548405,0.660813478,781
585,NCC,56.19,56.06188745,1.140845455,456.15
586,NCC(=O)O,67.4,67.1791271,1.142940869,1028
587,NCC(C)C,42.15,42.11319046,1.140796881,513.73
588,NCC(O)C,56.69,56.46435615,1.140787879,614
589,NCc1ccccc1,43.19,43.13313256,1.140796453,683.5
590,NCCC,47.39,47.3167777,1.14080662,496.95
591,NCCCC,42,41.94884074,1.140789378,531.9
592,NCCCCC,35.8,35.09443531,11.49847874,555
593,NCCCCCC,31.79,35.28788575,0.808648978,584
594,NCCCCCCC,28.49,25.87895626,1.140787024,607
595,NCCCCCCCC,25.8,28.5475317,1.140789462,627
596,NCCCCCCCCC,23.59,27.6821044,0.660805448,648
597,NCCCCCCN,32.9,32.51169336,0.660805711,660
598,NCCCO,55,54.80564001,1.140791948,649
599,NCCN,62.89,45.94557869,0.512195134,593
600,NCCNCCN,42.19,42.13862777,1.140795271,676
601,NCCO,71.23,70.89241559,1.140795601,678.2
602,O=C(C)C,47,38.97603336,11.5129936,508.2
603,O=C(C)C(=C)C,38.89,36.77729534,1.140784008,566
604,O=C(C)C(C)(C)C,33.2,41.61486375,0.808648849,564
605,O=C(C)C(C)C,38.5,35.88267632,0.512195113,553
606,O=C(C)c1ccccc1,38.4,38.40311305,1.140802078,709.5
607,O=C(C)CC(=O)C,39.59,39.54691252,1.140791694,646.65
608,O=C(C)CC(C)C,32.69,32.67974716,1.140429286,571.4
609,O=C(C)CC(O)(C)C,35.99,32.56399412,0.660804488,606
610,O=C(C)CCC(C)C,29.7,29.73982337,1.14078632,601
611,O=C(C)N(C)C,40.29,28.60649759,0.660592827,658
612,O=C(C)OC(=O)C,40,32.56399412,0.660804488,606
613,O=C(C)OC(C)(C)C,31.69,34.38544711,0.660735245,545
614,O=C(C)OC(C)C,32.9,43.9592919,0.808650627,532
615,O=C(C)OC1CCCCC1,31.19,27.6821044,0.660805448,648
616,O=C(C)OCC(C)C,30.09,30.13619603,1.140784522,560.8
617,O=C(C)OCc1ccccc1,31.79,42.84807131,0.660806935,699
618,O=C(C)OCCC(C)C,28.4,31.35679792,0.808649469,599
619,O=C(C)OCCOC(=O)C,30.9,35.45074925,0.808651713,653
620,O=C(c1ccccc1)c2ccccc2,30.09,35.82190607,11.58443472,816
621,O=C(N)C,66,50.43741291,0.808662037,761
622,O=C(O)C,57.85,57.61132449,1.14078537,591.95
623,O=C(O)C(=C)C,47.9,34.42678767,0.572510611,662
624,O=C(O)C(C)C,36.99,36.87935985,0.808649714,605
625,O=C(O)C(F)(F)F,32.58,32.65856259,1.140810675,491.25
626,O=C(O)C=CC(=O)O,49.89,44.21126088,0.808664383,773
627,O=C(O)C=CC(=O)O,49.8,35.00386849,0.572514827,771
628,O=C(O)C=Cc1ccccc1,35.39,35.40709582,1.140846436,797
629,O=C(O)c1ccccc1,44.69,42.23731036,0.57251355,751
630,O=C(O)c1ccccc1C,38.59,42.23731036,0.57251355,751
631,O=C(O)c1ccccc1C(=O)O,39.49,53.32593742,1.140849505,800
632,O=C(O)c1ccccc1Cl,40.29,44.63599384,0.660815154,792
633,O=C(O)c1ccccc1O,51.8,55.5137867,0.808658595,739
634,O=C(O)CC(=O)O,56.39,42.07502644,0.660817751,805
635,O=C(O)CC(C)C,38.89,38.84748006,1.14079028,634
636,O=C(O)CCC(=O)O,47.09,46.98529328,1.140856346,806
637,O=C(O)CCCC(=O)O,40.4,40.3608517,1.140857587,807
638,O=C(O)CCCCC(=O)O,35.29,35.30008079,1.140860162,809
639,O=C(O)CCCCCC(=O)O,31.39,42.07502644,0.660817751,805
640,O=C=Nc1ccc(C)c(N=C=O)c1,30.39,30.47670723,1.140806707,725
641,O=C=Nc1ccccc1,40.59,27.6821044,0.660805448,648
642,O=C1C=CC(=O)O1,72.79,72.45607916,1.14080542,721
643,O=C1CCC(=O)O1,67.3,66.99177838,1.140862869,811
644,O=C1CCCC1,53.29,53.10515991,1.140790344,634.56
645,O=C1CCCCC1,40,35.45074925,0.808651713,653
646,O=C1CCCN1,61.69,44.63599384,0.660815154,792
647,O=C1CCCN1C,47.8,47.71368627,1.140805672,721.8
648,O=C1CCCO1,59.39,55.5137867,0.808658595,739
649,O=C1OCC(C)O1,54.1,32.31636229,0.660813083,778
650,O=C1OCCCCC1,46.3,35.00386849,0.572514827,771
651,O=C1OCCO1,67.7,41.03262036,0.808668688,790
652,O=CC,55.49,55.36230844,1.140833833,466
653,O=CC(C)C,41,42.59293299,0.512196486,507
654,O=CC1=CC=CO1,56.6,45.105383,1.140794453,670.15
655,O=Cc1ccc(C)cc1,36.69,34.80472322,0.660806892,698
656,O=Cc1ccc(O)cc1,49.89,28.96521079,0.808702001,844
657,O=Cc1ccccc1,46.5,52.47797703,0.80865393,695
658,O=Cc1ccccc1O,49.89,40.57812944,0.808652826,680
659,O=CCC(C)CCC,28.49,28.86429214,0.808649317,595
660,O=CCCC,43.19,43.12178145,1.140787015,537.2
661,O=CCCCC,39.7,39.64843942,1.140784006,566.1
662,O=CCCCCC,34.6,29.96394614,0.808649179,591
663,O=CCCCCCC,31.79,31.81638906,1.140431904,617
664,O=CCCCCCCC,29.6,29.65117089,1.14079042,638.1
665,O=CCCCCCCCC,27.29,28.60649759,0.660592827,658
666,O=CCCCCCCCCC,25.99,26.0979406,1.140795011,674.2
667,O=CCCCCCCCCCCC,24.1,19.99332172,0.80865502,708
668,O=CNc1ccccc1,41.1,25.90415468,0.808667817,787
669,O=COC,59.99,59.77239423,1.140448584,487.2
670,O=COC(C)CC,35.8,35.2074593,0.808649537,546
671,O=COCC,47.39,47.30650843,1.140799252,508.4
672,O=COCC(C)C,38.8,38.7656305,1.14078545,551.35
673,O=COCc1ccccc1,35.9,34.80472322,0.660806892,698
674,O=COCCC,40.19,34.45426744,0.808650147,538
675,O=COCCCC,35.09,35.6872303,0.66080405,559
676,O=COCCCCC,31.24,31.78433133,0.660803986,576
677,O=COCCCCCC,28,25.87895626,1.140787024,607
678,O=N(=O)C(C)C,44.49,33.72806505,11.49904482,594
679,O=N(=O)c1ccc(C)c(c1)N(=O)=O,33.99,34.00951551,1.14086719,814
680,O=N(=O)c1ccc(cc1)N(=O)=O,38.5,38.48236377,1.1408528,803
681,O=N(=O)c1cccc(c1)N(=O)=O,38.5,42.07502644,0.660817751,805
682,O=N(=O)c1cccc(N(=O)=O)c1C,33.99,34.70942034,0.808663754,770
683,O=N(=O)c1ccccc1,44,43.95063972,1.140804801,719
684,O=N(=O)c1ccccc1C,37.99,38.00039531,1.140805108,720
685,O=N(=O)c1ccccc1Cl,39.8,31.58225115,0.808661341,757
686,O=N(=O)c1ccccc1N,44.19,35.80550437,0.808667,784
687,O=N(=O)c1ccccc1N(=O)=O,38.5,38.46338236,1.140898838,831
688,O=S(C)C,56.49,45.00551104,0.57251246,729
689,O=S1(=O)CC=CC1,53.49,53.32593742,1.140849505,800
690,O1CCCC1,51.89,51.70279986,1.14043141,540.15
691,O1CCOCC1,52.08,40.74746131,0.808522514,587
692,O1COCCC1,51.5,24.83962477,0.808649146,590
693,OC(C)(C)C,39.72,39.13325432,11.51450405,506.21
694,OC(C)(C)c1ccccc1,34.9,32.51169336,0.660805711,660
695,OC(C)C,47.61,47.52441574,1.140799307,508.3
696,OC(C)c1ccccc1,39.89,34.35080191,0.808652345,668
697,OC(C)CC(C)C,34.69,34.68454387,1.140784276,574.4
698,OC(C)CC(O)(C)C,40.1,33.64721517,0.80865041,621
699,OC(C)CC(O)C,43.3,34.37979858,11.5032224,629
700,OC(C)CNCC(O)C,35.99,31.86943982,0.808652534,672
701,OC(C)COCC(O)C,35.8,30.7846869,0.572510495,654
702,OC1(C)CCCCC1,40,36.88996003,0.660804654,613
703,Oc1cc(C)cc(C)c1,36.47,36.49426604,1.140803799,715.65
704,Oc1ccc(C)c(C)c1,49.99,49.88338241,1.140808388,729.95
705,Oc1ccc(C)cc1,51.5,51.37150898,1.140800829,704.65
706,Oc1ccc(cc1)C(C)(C)C,33.39,30.28657051,0.660808946,734
707,Oc1ccc(cc1)C(C)(C)c2ccc(O)cc2,29.3,29.34395012,1.14094996,849
708,Oc1ccc(O)cc1,74.5,74.11293632,1.140880431,822
709,Oc1cccc(C)c1,45.6,45.53041761,1.140801129,705.85
710,Oc1cccc(C)c1C,48.99,39.41661907,11.16202005,722.95
711,Oc1cccc(O)c1,74.9,74.5172174,1.140861499,810
712,Oc1ccccc1,61.29,61.05973407,1.140798093,694.25
713,OC1CCCCC1,42.6,42.7170972,1.140792063,650
714,Oc1ccccc1C,50.1,38.19991323,11.51280059,697.55
715,Oc1ccccc1O,74.9,74.54279386,1.140822916,764
716,OCC,61.47,61.23983366,1.140790721,513.92
717,OCC#CCO,58.6,52.47797703,0.80865393,695
718,OCC(=O)C,57.39,57.1556324,1.140785774,596
719,OCC(C)(C)C,38.8,34.37261654,0.572509626,550
720,OCC(C)(C)CO,42.4,35.35337405,0.512195661,643
721,OCC(C)C,43,42.92646094,1.140785983,547.78
722,OCC(C)CC,38.8,38.68285011,0.660803986,565
723,OCC(CC)CC,33.99,33.98972633,1.140784483,580
724,OCC(CO)(CO)CC,39.1,38.69577661,11.51560424,709
725,OCC(O)C,60.99,60.72537405,1.140789342,626
726,OCC(O)CO,66.8,40.39357355,0.808656578,723
727,OCC1=CC=CO1,53.49,37.49526705,0.660732512,632
728,OCc1ccccc1,45.49,40.83603785,0.808656257,720.15
729,OCC1OCCC1,46.6,33.05390292,0.80865116,639
730,OCCC,51.74,51.5881746,1.140788313,536.78
731,OCCC(C)C,39.29,39.23806746,1.14078436,577.2
732,OCCC(O)C,49.99,35.35337405,0.512195661,643
733,OCCc1ccccc1,39.19,31.87876558,0.808525211,684
734,OCCCC,44.23,44.13501104,1.140784399,563.05
735,OCCCCC,38.8,33.82275989,11.49834109,586.15
736,OCCCCC(C)C,30.3,36.87935985,0.808649714,605
737,OCCCCCC,35.09,35.07766931,1.140787553,611.35
738,OCCCCCCC,31.49,31.56525725,1.140416571,631.9
739,OCCCCCCCC,28.59,28.6591224,1.14079234,652.5
740,OCCCCCCCCC,25.99,26.09471959,1.140794288,668.9
741,OCCCCCCCCCC,23.69,23.82671525,1.140796606,684.4
742,OCCCCCCCCCCC,21.46,21.6282341,1.140800425,703
743,OCCCCCCCCCCCC,19.93,39.02488563,11.51861424,719.4
744,OCCCCCCCCCCCCCC,18.09,28.53229305,0.66080994,747
745,OCCCCCCCCCCCCCCCCCC,14.4,41.03262036,0.808668688,790
746,OCCCCCCCCCCCCCCCCCCCC,12.99,35.30008079,1.140860162,809
747,OCCCCCCO,36.1,34.85887799,0.808652438,670
748,OCCCCCO,41.49,41.44374938,1.140794842,673
749,OCCCCO,48.8,34.43670931,0.660805876,667
750,OCCN(C)C,41.4,41.32906776,1.140784236,571.82
751,OCCN(C)CCO,38.8,30.83526358,0.572510825,675
752,OCCN(CCO)CCO,27.42,27.52909098,1.140717183,772.1
753,OCCNC,52.19,43.74338771,0.808650793,630
754,OCCNCCO,42.7,42.66602989,1.140810802,736.6
755,OCCO,76.99,76.61418277,1.140805016,719.7
756,OCCOC,50.1,41.61486375,0.808648849,564
757,OCCOCC,42.4,44.79279985,0.808648806,569
758,OCCOCCC,36.69,33.62428795,0.660804039,582
759,OCCOCCCC,32.39,30.30471273,0.660804353,600
760,OCCOCCO,45.99,45.92321625,1.140813949,744.6
761,OCCOCCOC,35.39,43.74338771,0.808650793,630
762,OCCOCCOCC,31.39,37.49526705,0.660732512,632
763,OCCOCCOCCCC,25.59,30.7846869,0.572510495,654
764,OCCOCCOCCO,33.2,33.25360567,1.140825916,769.5
765,OCCSCC,43.19,39.62157178,0.80865124,641
766,OCCSCCO,46.09,39.23313104,11.52248747,731
767,OOC(C)(C)C,43.39,43.30976061,1.140785364,552
768,S1CCCC1,51.59,51.39913075,1.140033677,631.95
769,SC(C)(C)C,40.59,35.45259021,0.808650964,530
770,SC(C)C,47.5,38.13028997,11.50892966,517
771,Sc1ccccc1,47.39,35.95401273,0.808653506,689
772,SC1CCCCC1,39.7,39.66598658,1.14079367,664
773,SCC,54.89,54.74050658,1.14080516,499.15
774,SCC(C)C,40.59,35.6872303,0.66080405,559
775,SCc1ccccc1,40.59,40.57231224,1.140802759,712
776,SCCC,46.3,46.20218001,1.14078836,536.6
777,SCCC(=O)O,50.2,45.00551104,0.57251246,729
778,SCCCC,39.7,39.6466271,1.14078395,570.1
779,SCCCCC,34.69,32.97185962,0.57250967,598
780,SCCCCCC,30.79,31.75201873,0.808650496,623
781,SCCCCCCC,27.7,37.83577976,0.572510369,645
782,SCCCCCCCC,25.19,36.46800759,11.50765605,667.3
783,SCCCCCCCCC,23.1,23.24059818,1.14079604,681
784,SCCCCCCCCCC,21.29,38.12362538,11.51246135,696
785,SCCCCCCCCCCCC,18.39,22.22451993,0.808656693,724
786,SCCS,53.59,38.08705377,0.66080578,663
