,Smiles,Tc Experimental ,Tc Prediction,stdev,Tb,Error,1%,5%,10%
0,BrC,467,466.999728,0.324561291,276.65,5.82E-05,1,1,1
1,BrC(C)C,532,526.4998896,0.22978409,332.65,1.033855338,0,1,1
2,BrC(F)(F)F,340.15,340.1504369,0.324428779,215.35,0.000128443,1,1,1
3,Brc1ccc(C)cc1,699,698.999658,0.324608857,457.45,4.89E-05,1,1,1
4,Brc1ccccc1,670.15,615.8833772,0.187882142,429.15,8.097683026,0,0,1
5,BrCC,503.8,487.3999581,0.229801519,311.65,3.255268341,0,1,1
6,BrCCBr,650.15,650.1494719,0.324563178,404.75,8.12E-05,1,1,1
7,BrCCCC,577,576.9998109,0.324625716,374.75,3.28E-05,1,1,1
8,C#CC,402.39,402.3901082,0.324476075,249.95,2.69E-05,1,1,1
9,C#CC(=C)C,492,491.9997941,0.32460039,305.15,4.18E-05,1,1,1
10,C#CC(C)C,463.2,463.2000166,0.324484118,299.45,3.58E-06,1,1,1
11,C#CC=C,454,453.999875,0.324500649,278.25,2.75E-05,1,1,1
12,C#Cc1ccccc1,650,607.2500124,0.16308811,416.15,6.576921169,0,0,1
13,C#CCC,443.2,443.2000139,0.324458954,281.15,3.14E-06,1,1,1
14,C#CCC=C,503,502.9998076,0.324505206,315.65,3.83E-05,1,1,1
15,C#CCCC,481.2,481.1999971,0.32456417,313.25,6.03E-07,1,1,1
16,C#CCCCC,516.2,516.2000296,0.324533353,344.45,5.73E-06,1,1,1
17,C#CCCCCC,559,558.9999662,0.324793242,372.85,6.05E-06,1,1,1
18,C#CCCCCCC,585,590.401144,102.6644443,399.45,0.923272479,1,1,1
19,C=C(C)C,417.9,417.9001117,0.324562962,266.25,2.67E-05,1,1,1
20,C=C(C)C(=C)C,526,519.4999826,0.229486569,341.95,1.235744753,0,1,1
21,C=C(C)C(C)(C)C,531,530.9999653,0.324560995,351.05,6.53E-06,1,1,1
22,C=C(C)C(C)C,500,499.9999961,0.324385482,328.75,7.80E-07,1,1,1
23,C=C(C)c1ccccc1,654,653.9998708,0.324623943,438.55,1.98E-05,1,1,1
24,C=C(C)CC(C)(C)C,553,553.0000483,0.324553083,374.55,8.73E-06,1,1,1
25,C=C(C)CCC(=C)C,567,567.0000768,0.324570329,387.45,1.35E-05,1,1,1
26,C=C=C(C)C,490,481.7722629,102.812079,313.98,1.67913002,0,1,1
27,C=C=CC,452,451.9999572,0.324410605,284.05,9.47E-06,1,1,1
28,C=C=CCC,500,499.9998662,0.324589477,318.05,2.68E-05,1,1,1
29,C=C1C=CC(CC1)C(C)C,648,633.000079,0.229729391,444.65,2.314802623,0,1,1
30,C=C1CCC2CC1C2(C)C,643,629.5000617,0.229549477,439.15,2.099523841,0,1,1
31,C=CBr,473,472.9998007,0.324475598,288.95,4.21E-05,1,1,1
32,C=CC,365.57,365.5702628,0.324424004,225.55,7.19E-05,1,1,1
33,C=CC(=C)C,484,483.9998974,0.32449819,307.15,2.12E-05,1,1,1
34,C=CC(=C)Cl,525,515.9999415,0.229738511,332.55,1.714296857,0,1,1
35,C=CC(=O)O,615,614.9999487,0.324609001,414.35,8.34E-06,1,1,1
36,C=CC(=O)OC,536,526.3650205,0.22972447,353.35,1.797570802,0,1,1
37,C=CC(=O)OCC(C)C,587,587.0001086,0.324585461,405.15,1.85E-05,1,1,1
38,C=CC(C)(C)C,480,482.2116746,102.8102794,314.35,0.460765542,1,1,1
39,C=CC(C)C,450.37,458.1849983,0.22987428,293.25,1.735239536,0,1,1
40,C=CC(C)CC,495,495.0000289,0.324556081,327.35,5.84E-06,1,1,1
41,C=CC(CC)CC,530,535.4545121,102.691431,357.25,1.029153226,0,1,1
42,C=CC(Cl)CCl,589,588.9998791,0.32451124,389.15,2.05E-05,1,1,1
43,C=CC=C,425.17,425.1700644,0.32449579,268.75,1.51E-05,1,1,1
44,C=CC=CC,499,498.9998666,0.324526151,317.25,2.67E-05,1,1,1
45,C=CC=CC,500,499.9998316,0.324514449,315.15,3.37E-05,1,1,1
46,C=CC1CC=CCC1,599,598.9999363,0.324622893,401.15,1.06E-05,1,1,1
47,C=Cc1ccc(C)cc1,665,664.9998545,0.324396884,445.95,2.19E-05,1,1,1
48,C=Cc1cccc(C)c1,657,656.999823,0.324532133,437.15,2.69E-05,1,1,1
49,C=Cc1ccccc1,636,598.0001681,0.324501855,418.15,5.974816336,0,0,1
50,C=Cc1ccccc1C,659,658.9998766,0.324564715,442.95,1.87E-05,1,1,1
51,C=CCC,419.95,419.9500983,0.324568275,266.95,2.34E-05,1,1,1
52,C=CCC(C)C,496,496.0000153,0.324594555,327.05,3.08E-06,1,1,1
53,C=CCC(C)CC,534,534.0000479,0.324682897,359.85,8.97E-06,1,1,1
54,C=CCC=C,479,478.9998551,0.324500575,299.15,3.03E-05,1,1,1
55,C=CCCC,464.78,464.780042,0.324375417,303.05,9.04E-06,1,1,1
56,C=CCCC=C,507,515.9999415,0.229738511,332.55,1.775136391,0,1,1
57,C=CCCCC,504.03,504.0300523,0.32456362,336.55,1.04E-05,1,1,1
58,C=CCCCCC,537.29,547.7032408,102.6807136,366.75,1.938104338,0,1,1
59,C=CCCCCCC,566.65,566.6501707,0.324497326,394.35,3.01E-05,1,1,1
60,C=CCCCCCCC,593.25,617.2829924,102.6655101,420.05,4.051073308,0,1,1
61,C=CCCCCCCCC,616.4,647.5494272,102.6761693,443.65,5.053443738,0,0,1
62,C=CCCCCCCCCC,638,675.0822928,102.696733,465.85,5.812271599,0,0,1
63,C=CCCCCCCCCCC,657.6,657.6004245,0.324494281,486.95,6.46E-05,1,1,1
64,C=CCCCCCCCCCCC,675,675.0004625,0.324546584,505.95,6.85E-05,1,1,1
65,C=CCCCCCCCCCCCC,692,692.0002947,0.324591291,506.15,4.26E-05,1,1,1
66,C=CCCCCCCCCCCCCC,708,756.8603868,102.8780769,541.35,6.901184576,0,0,1
67,C=CCCCCCCCCCCCCCC,722,722.0004962,0.324642362,558.05,6.87E-05,1,1,1
68,C=CCCCCCCCCCCCCCCCCCC,771,771.0003935,0.324462217,614.15,5.10E-05,1,1,1
69,C=CCl,432,431.999907,0.324621929,259.85,2.15E-05,1,1,1
70,C=CCN,505,504.9999179,0.324521524,326.45,1.63E-05,1,1,1
71,C=CCNCC=C,556,556.0001436,0.324580003,384.15,2.58E-05,1,1,1
72,C=CCO,545.05,545.3500225,0.187676461,370.15,0.05504495,1,1,1
73,C=CCOC(=O)C,559,569.5199105,0.324607134,376.65,1.881916011,0,1,1
74,C=CF,327.8,327.8004581,0.324418564,201.15,0.00013975,1,1,1
75,C=COC(=O)C,519.13,560.9995968,0.324620282,345.65,8.065339472,0,0,1
76,C=COC(=O)CC,546,545.999986,0.32463356,364.35,2.56E-06,1,1,1
77,C=COCC,475.15,475.1500033,0.324519677,308.65,6.95E-07,1,1,1
78,C=COCCCC,536,539.5000436,0.229964691,367.15,0.652993209,1,1,1
79,C1=CC=CC1,507,506.9997497,0.324621671,314.15,4.94E-05,1,1,1
80,C1=CC=CCC1,558,557.9997285,0.324583622,353.65,4.87E-05,1,1,1
81,C1=CC=CN1,639.75,639.749551,0.324480675,402.85,7.02E-05,1,1,1
82,C1=CC=CS1,579.35,579.3495597,0.324580264,357.15,7.60E-05,1,1,1
83,C1=CCC=CC1,569,568.9996825,0.324456359,358.65,5.58E-05,1,1,1
84,C1=CCCC=CCC1,645,619.8000126,0.229730207,423.95,3.906974791,0,1,1
85,C1=CCCC1,507,485.789296,102.7963457,317.35,4.183570809,0,1,1
86,C1=CCCCC1,560.4,560.3997351,0.324514968,356.05,4.73E-05,1,1,1
87,C1=CCCCCC1,598,603.9998579,0.229685935,388.15,1.003320719,0,1,1
88,C1CC1,397.91,397.9100654,0.324544285,240.35,1.64E-05,1,1,1
89,c1cc2ccc3cccc4ccc(c1)c2c34,936,935.9989636,0.324485054,677.15,0.000110726,1,1,1
90,c1cc2cccc3C=Cc(c1)c23,792,777.9999648,0.187839201,553.15,1.767681212,0,1,1
91,c1cc2cccc3CCc(c1)c23,803.15,803.1496342,0.324443927,552.15,4.55E-05,1,1,1
92,c1ccc(cc1)C(c2ccccc2)c3ccccc3,865,864.9995399,0.324420971,632.15,5.32E-05,1,1,1
93,c1ccc(cc1)C=Cc2ccccc2,820,819.9996895,0.324637415,580.15,3.79E-05,1,1,1
94,c1ccc(cc1)c2ccccc2,789.26,745.3166308,102.833835,529.25,5.567667081,0,0,1
95,C1CCC(CC1)c2ccccc2,744,743.9998504,0.324622325,513.25,2.01E-05,1,1,1
96,C1CCC(CC1)C2CCCCC2,727,726.9999983,0.324636673,511.15,2.34E-07,1,1,1
97,c1ccc(cc1)Cc2ccccc2,768,772.9999044,0.229738772,538.15,0.651029219,1,1,1
98,c1ccc(cc1)CCc2ccccc2,780,781.9999443,0.229669318,557.15,0.256403115,1,1,1
99,c1ccc(cc1)COCc2ccccc2,777,777.0000521,0.324638049,571.15,6.71E-06,1,1,1
100,c1ccc(cc1)Nc2ccccc2,817,776.5000438,0.229781042,575.15,4.957154982,0,1,1
101,c1ccc(cc1)Oc2ccccc2,766.8,768.8998914,0.229679678,531.15,0.273851252,1,1,1
102,C1CCC1,459.93,459.9298963,0.324607611,285.75,2.25E-05,1,1,1
103,c1ccc2c(c1)Cc3ccccc23,870,802.6665907,0.187848096,568.15,7.739472333,0,0,1
104,c1ccc2c(c1)ccc3ccccc23,869.25,869.2494057,0.32443336,613.15,6.84E-05,1,1,1
105,c1ccc2c(c1)Nc3ccccc23,899,817.0975776,103.5574146,627.85,9.110391813,0,0,1
106,c1ccc2c(c1)Sc3ccccc23,897,805.6174295,103.294244,605.65,10.18757754,0,0,0
107,c1ccc2CC=Cc2c1,687,695.9998865,0.187820233,455.15,1.310027147,0,1,1
108,c1ccc2cc3ccccc3cc2c1,873,872.9993676,0.324472239,613.05,7.24E-05,1,1,1
109,c1ccc2cc3ccccc3nc2c1,905,904.9990768,0.324423538,618.65,0.000102011,1,1,1
110,c1ccc2CCCc2c1,684.9,656.8487601,102.6817892,451.05,4.095669426,0,1,1
111,c1ccc2ccccc2c1,748.35,732.3998616,0.229795148,491.05,2.131374143,0,1,1
112,C1CCc2ccccc2C1,720.15,720.149727,0.324478009,480.75,3.79E-05,1,1,1
113,C1CCC2CCCCC2C1,702.25,702.2497658,0.324531978,468.95,3.33E-05,1,1,1
114,C1CCC2CCCCC2C1,687.05,687.0498144,0.324536261,460.45,2.70E-05,1,1,1
115,c1ccc2cccnc2c1,782.15,782.1494371,0.324383336,510.25,7.20E-05,1,1,1
116,c1ccc2SC=Cc2c1,754,753.9995423,0.32458343,494.15,6.07E-05,1,1,1
117,C1CCCC1,511.76,491.929868,102.7751679,322.45,3.87488901,0,1,1
118,c1ccccc1,562.16,562.1596805,0.324712964,353.15,5.68E-05,1,1,1
119,C1CCCCC1,553.58,531.1005196,102.6961993,353.85,4.060746487,0,1,1
120,C1CCCCCC1,604.3,604.2997575,0.324633332,391.55,4.01E-05,1,1,1
121,C1CCCCCCC1,640,639.9998,0.324417289,422.15,3.13E-05,1,1,1
122,CC#CC,473.2,465.539953,102.8945286,300.05,1.618775782,0,1,1
123,CC(C)(C)C,433.78,433.7801232,0.324491894,282.55,2.84E-05,1,1,1
124,CC(C)(C)C(C)(C)C,568,567.9999636,0.324711264,379.55,6.41E-06,1,1,1
125,CC(C)(C)c1ccccc1,660,674.4998564,0.2296399,442.25,2.196947939,0,1,1
126,CC(C)(C)CC(C)(C)C,571.35,571.3501368,0.324521056,395.35,2.39E-05,1,1,1
127,CC(C)(C)OC(C)(C)C,550,550.000154,0.324616716,380.35,2.80E-05,1,1,1
128,CC(C)=C(C)C,524,523.9999769,0.324524844,346.45,4.41E-06,1,1,1
129,CC(C)=CC(C)(C)C,558,558.000044,0.324778408,378.05,7.89E-06,1,1,1
130,CC(C)C,408.14,408.1401613,0.324464464,261.45,3.95E-05,1,1,1
131,CC(C)C(=O)C(C)C,576,576.0001322,0.324613283,398.55,2.30E-05,1,1,1
132,CC(C)C(C)(C)C,531.17,531.2283279,102.6960513,353.95,0.010981023,1,1,1
133,CC(C)C(C)(C)C(C)C,607.7,607.7000256,0.324611101,414.65,4.21E-06,1,1,1
134,CC(C)C(C)C,499.98,499.9800246,0.32458503,331.05,4.92E-06,1,1,1
135,CC(C)C(C)C(C)(C)C,592.15,592.1500702,0.324566944,406.15,1.19E-05,1,1,1
136,CC(C)C(C)C(C)C,566.3,561.1000418,0.187818591,386.65,0.918233834,1,1,1
137,CC(C)c1ccc(cc1)C(C)C,689,689.00007,0.324549172,483.45,1.02E-05,1,1,1
138,CC(C)c1cccc(c1)C(C)C,684,684.0000367,0.324431667,476.35,5.37E-06,1,1,1
139,CC(C)C1CCCC1,593,592.9999766,0.324613944,399.65,3.95E-06,1,1,1
140,CC(C)c1ccccc1,631.1,631.099933,0.324531541,425.55,1.06E-05,1,1,1
141,CC(C)C1CCCCC1,627,627.000005,0.324518964,427.95,7.97E-07,1,1,1
142,CC(C)c1ccccc1C,662,661.9999509,0.324446354,451.25,7.42E-06,1,1,1
143,CC(C)CC(=O)CC(C)C,615,615.0003115,0.324484611,442.55,5.07E-05,1,1,1
144,CC(C)CC(C)(C)C,543.96,543.9601101,0.324643215,372.35,2.02E-05,1,1,1
145,CC(C)CC(C)C,519.79,519.7901092,0.324580844,353.55,2.10E-05,1,1,1
146,CC(C)CC(O)CC(C)C,603,603.0004959,0.324645491,447.65,8.22E-05,1,1,1
147,CC(C)Cc1ccccc1,650.15,650.1500017,0.324524881,445.85,2.61E-07,1,1,1
148,CC(C)CCC(C)(C)C,568.05,568.0501934,0.324506176,397.15,3.40E-05,1,1,1
149,CC(C)CCC(C)C,550,550.0001788,0.324579086,382.25,3.25E-05,1,1,1
150,CC(C)CCCC(C)C,579,579.0002305,0.324519468,408.35,3.98E-05,1,1,1
151,CC(C)CCCCC(C)C,604,604.0003006,0.324507613,433.05,4.98E-05,1,1,1
152,CC(C)CNCC(C)C,580,607.7871473,102.6642725,412.75,4.790887466,0,1,1
153,CC(C)COC(=O)C(=C)C,612,612.5000763,0.229718405,428.15,0.081711814,1,1,1
154,CC(C)COC(=O)C(C)C,602,602.0001749,0.324514341,421.75,2.91E-05,1,1,1
155,CC(C)NC(C)C,523.1,525.5500482,0.229839301,357.05,0.468370904,1,1,1
156,CC(C)OC(C)C,500.05,515.6362576,102.7183655,341.65,3.116939826,0,1,1
157,CC(c1ccccc1)c2ccccc2,775,774.9998588,0.324537412,545.75,1.82E-05,1,1,1
158,CC=C(C)C,471,487.3999581,0.229801519,311.65,3.481944395,0,1,1
159,CC=CC,435.58,435.5800443,0.32462398,276.85,1.02E-05,1,1,1
160,CC=CC,428.63,428.6300834,0.324517874,273.95,1.95E-05,1,1,1
161,CC=CC(C)C,501,499.0000215,0.229924297,331.75,0.399197305,1,1,1
162,CC=CC(C)C,499,499.0000147,0.324513436,329.45,2.95E-06,1,1,1
163,CC=CC=CC,535,533.0192611,102.6940285,355.35,0.37023157,1,1,1
164,CC=Cc1ccccc1,670,669.9998735,0.324682768,451.45,1.89E-05,1,1,1
165,CC=CCCCC,543,554.4999945,0.229722978,371.15,2.117862707,0,1,1
166,CC1(C)CCCC1,547,546.9999282,0.324595435,360.65,1.31E-05,1,1,1
167,CC1(C)CCCCC1,591.15,591.1499047,0.324493656,392.75,1.61E-05,1,1,1
168,CC1(C)OC1,521,495.2093554,102.7651303,325.15,4.950219693,0,1,1
169,CC1=CC=CS1,609,608.9996346,0.324595396,385.75,6.00E-05,1,1,1
170,CC1=CCC(CC1)=C(C)C,672,671.9999489,0.324623116,459.15,7.60E-06,1,1,1
171,CC1=CCC2CC1C2(C)C,632,631.9999691,0.324530137,429.05,4.89E-06,1,1,1
172,CC1=CCCC1,542,541.9998248,0.324775465,348.65,3.23E-05,1,1,1
173,CC1=CSC=C1,613,612.9996325,0.324617128,388.65,6.00E-05,1,1,1
174,CC1C=CCC1,526,511.1272191,102.7266966,338.05,2.827524886,0,1,1
175,Cc1cc(C)c(C)c(C)c1,679,650.0001574,0.229766011,471.15,4.270963564,0,1,1
176,Cc1cc(C)c(C)cc1C,675.15,675.1500488,0.324623673,469.95,7.23E-06,1,1,1
177,Cc1cc(C)cc(C)c1,637.36,637.3600283,0.324448111,437.85,4.44E-06,1,1,1
178,Cc1cc(cc(c1)N(=O)=O)N(=O)=O,814,813.9998057,0.324578181,588.15,2.39E-05,1,1,1
179,CC1CC=CC1,527,526.9998513,0.324579428,338.85,2.82E-05,1,1,1
180,Cc1ccc(C)c(C)c1,649.13,649.129969,0.324718193,442.45,4.78E-06,1,1,1
181,Cc1ccc(C)c(C)c1C,693,687.2000052,0.146014361,478.15,0.836940087,1,1,1
182,Cc1ccc(C)c(O)c1,707.05,707.0498987,0.324623853,484.25,1.43E-05,1,1,1
183,CC1CCC(C)C1,553,552.9999224,0.324585419,364.85,1.40E-05,1,1,1
184,CC1CCC(C)C1,551,550.9999308,0.324543357,363.95,1.26E-05,1,1,1
185,Cc1ccc(C)cc1,616.23,616.2298986,0.324523985,411.45,1.65E-05,1,1,1
186,CC1CCC(C)CC1,598.15,598.1498976,0.3245377,397.55,1.71E-05,1,1,1
187,CC1CCC(C)CC1,590.15,590.1499121,0.324590282,392.55,1.49E-05,1,1,1
188,Cc1ccc(cc1)C(C)C,653.15,653.150027,0.324527637,450.25,4.13E-06,1,1,1
189,Cc1ccc(cc1)N(=O)=O,736,735.9999114,0.324570021,511.45,1.20E-05,1,1,1
190,Cc1ccc(O)c(C)c1,707.65,707.6498905,0.32453889,484.05,1.55E-05,1,1,1
191,Cc1ccc2cc(C)ccc2c1,777,776.9997403,0.324541005,535.15,3.34E-05,1,1,1
192,Cc1ccc2ccc(C)cc2c1,778,772.9999044,0.229738772,538.15,0.64268581,1,1,1
193,Cc1ccc2ccccc2c1,761,760.9996909,0.324568347,514.25,4.06E-05,1,1,1
194,Cc1cccc(C)c1,617.05,617.0499008,0.324503173,412.25,1.61E-05,1,1,1
195,CC1CCCC(C)C1,591.15,591.1499113,0.324722968,393.25,1.50E-05,1,1,1
196,CC1CCCC(C)C1,598,597.9999004,0.324473198,397.65,1.67E-05,1,1,1
197,Cc1cccc(C)c1C,664.53,664.5299007,0.324577389,449.25,1.49E-05,1,1,1
198,Cc1cccc(C)c1O,701.05,703.0249102,0.229679102,474.15,0.281707467,1,1,1
199,Cc1cccc(C)n1,623.75,634.3748963,0.229611942,417.25,1.703390188,0,1,1
200,Cc1cccc(c1)C(C)C,657,656.9999634,0.324511484,448.25,5.57E-06,1,1,1
201,Cc1cccc(c1)N(=O)=O,734,743.999882,0.22987152,505.15,1.362381744,0,1,1
202,CC1CCCC1,532.79,519.7924695,102.7115011,344.95,2.439522232,0,1,1
203,CC1CCCC1C,553.15,553.1499236,0.324555446,365.05,1.38E-05,1,1,1
204,CC1CCCC1C,565.15,536.0501931,0.324602244,372.65,5.149041299,0,0,1
205,Cc1cccc2ccccc12,772.04,772.0396179,0.324702511,517.85,4.95E-05,1,1,1
206,Cc1ccccc1,591.8,591.7997804,0.32445387,383.75,3.71E-05,1,1,1
207,CC1CCCCC1,572.19,572.1898499,0.324457995,374.05,2.62E-05,1,1,1
208,Cc1ccccc1C,630.33,614.1661071,102.6649996,417.65,2.564354053,0,1,1
209,CC1CCCCC1C,606.15,606.1498883,0.324636413,402.95,1.84E-05,1,1,1
210,CC1CCCCC1C,596.15,590.6566536,0.187851366,396.65,0.921470502,1,1,1
211,Cc1ccncc1,646.15,646.1496905,0.324698394,418.45,4.79E-05,1,1,1
212,Cc1cnccc1,645,634.3748963,0.229611942,417.25,1.647302899,0,1,1
213,Cc1ncccc1,621,620.9997333,0.324424231,402.45,4.29E-05,1,1,1
214,CCC,369.83,369.8302657,0.324439694,231.05,7.18E-05,1,1,1
215,CCC#CC,519,518.9998123,0.324506625,329.25,3.62E-05,1,1,1
216,CCC#CCC,544,546.9999224,0.229904377,354.15,0.551456324,1,1,1
217,CCC(=C)C,465,465.0000548,0.324590605,304.35,1.18E-05,1,1,1
218,CCC(=C)CC,512,511.9999888,0.324516734,337.85,2.19E-06,1,1,1
219,CCC(=O)C,535.5,529.5680493,102.6980146,352.65,1.10774056,0,1,1
220,CCC(=O)C(C)C,567,561.1000418,0.187818591,386.65,1.040557002,0,1,1
221,CCC(=O)CC,560.95,560.9499753,0.32450685,375.05,4.40E-06,1,1,1
222,CCC(=O)O,600.81,600.8100893,0.324681935,414.25,1.49E-05,1,1,1
223,CCC(=O)OC,530.6,530.5999935,0.324608486,352.95,1.23E-06,1,1,1
224,CCC(=O)OC(=O)CC,623,614.0001645,0.229762178,443.15,1.444596388,0,1,1
225,CCC(C(C)C)C(C)C,591,591.00013,0.324538224,409.85,2.20E-05,1,1,1
226,CCC(C)(C)C,488.78,488.7800363,0.324573246,322.85,7.43E-06,1,1,1
227,CCC(C)(C)C(C)(C)C,610.85,595.9250632,0.229847497,413.35,2.443306344,0,1,1
228,CCC(C)(C)C(C)C,573.5,573.5000183,0.32456425,387.95,3.19E-06,1,1,1
229,CCC(C)(C)CC,536.4,536.4000149,0.324571566,359.15,2.78E-06,1,1,1
230,CCC(C)(C)CC(C)C,581,581.0001516,0.324539534,403.85,2.61E-05,1,1,1
231,CCC(C)(CC)CC,576.5,576.5000329,0.324678342,391.35,5.71E-06,1,1,1
232,CCC(C)=CC,517,518.0266385,102.7143272,343.55,0.198576112,1,1,1
233,CCC(C)=CC,515,514.9999963,0.324648919,340.85,7.18E-07,1,1,1
234,CCC(C)C,460.43,460.4300613,0.324548852,300.95,1.33E-05,1,1,1
235,CCC(C)C(C)(C)C,563.5,563.5000556,0.324521445,383.15,9.87E-06,1,1,1
236,CCC(C)C(C)C,537.35,537.3500531,0.324551625,362.85,9.88E-06,1,1,1
237,CCC(C)C(C)CC,568.8,564.5300487,0.188127207,390.85,0.750694673,1,1,1
238,CCC(C)c1ccccc1,664.54,664.5398679,0.324569376,446.65,1.99E-05,1,1,1
239,CCC(C)CC,504.43,500.2300878,0.324646611,336.35,0.832605555,1,1,1
240,CCC(C)CC(C)C,553.5,553.500149,0.324573327,382.65,2.69E-05,1,1,1
241,CCC(C)CCCC(C)C,606,606.0002869,0.324612039,433.55,4.73E-05,1,1,1
242,CCC(C)OC(=O)C,561,561.0001068,0.324596982,385.15,1.90E-05,1,1,1
243,CCC(CC)(CC)CC,610.05,610.0500645,0.32454145,419.45,1.06E-05,1,1,1
244,CCC(CC)C(=O)O,655,667.5000457,0.229779758,467.15,1.908403924,0,1,1
245,CCC(CC)C(C)(C)C,590,600.2151706,102.663958,406.95,1.731384847,0,1,1
246,CCC(CC)C(C)C,567,565.2000559,0.229634694,388.75,0.317450459,1,1,1
247,CCC(CC)CC,540.64,540.6400693,0.324663077,366.65,1.28E-05,1,1,1
248,CCC(Cl)C,520.6,520.5999441,0.324538191,341.15,1.07E-05,1,1,1
249,CCC(Cl)Cl,560,559.999806,0.324500173,361.25,3.46E-05,1,1,1
250,CCC(N)C,514.3,514.2999446,0.324606394,336.15,1.08E-05,1,1,1
251,CCC(O)(C)C,543.7,543.7001544,0.324563025,375.55,2.84E-05,1,1,1
252,CCC(O)C,536.05,536.0501931,0.324602244,372.65,3.60E-05,1,1,1
253,CCC(O)c1ccccc1,677,677.0002898,0.324706828,492.15,4.28E-05,1,1,1
254,CCC(O)CC,547,547.0003017,0.324557865,389.35,5.52E-05,1,1,1
255,CCC=C(C)C,514,514.0000013,0.324541783,340.45,2.53E-07,1,1,1
256,CCC=CC,475.2,475.2000193,0.324482743,310.05,4.06E-06,1,1,1
257,CCC=CC,474.2,474.2000222,0.32448697,309.45,4.68E-06,1,1,1
258,CCC=CCC,509,509.00004,0.324537265,339.55,7.86E-06,1,1,1
259,CCC=CCC,509,509.0000488,0.324649196,340.25,9.59E-06,1,1,1
260,CCC=CCCC,540,550.4250837,102.6787989,368.85,1.930571056,0,1,1
261,CCC1(C)CCCC1,582,582.0000224,0.324691211,394.75,3.85E-06,1,1,1
262,CCc1c(C)cccc1C,671,653.0001879,0.32461066,463.15,2.682535335,0,1,1
263,CCc1cc(C)cc(C)c1,655,655.0000893,0.324765629,456.75,1.36E-05,1,1,1
264,CCc1cc(C)ccc1C,663,663.0000499,0.32450076,460.05,7.53E-06,1,1,1
265,CCc1ccc(C)c(C)c1,667,667.0000418,0.32464044,462.65,6.27E-06,1,1,1
266,CCc1ccc(C)cc1,640.23,624.1150631,0.229575607,435.15,2.517054324,0,1,1
267,CCc1ccc(C)cc1C,665,675.3833148,0.187903189,461.55,1.561400722,0,1,1
268,CCc1ccc(CC)cc1,657.96,657.9600609,0.324597031,456.85,9.26E-06,1,1,1
269,CCc1ccc(O)cc1,716.45,732.3998616,0.229795148,491.05,2.226235132,0,1,1
270,CCc1ccc2ccccc2c1,771,768.8998914,0.229679678,531.15,0.272387626,1,1,1
271,CCc1cccc(C)c1,637.15,637.149987,0.324700308,434.45,2.04E-06,1,1,1
272,CCc1cccc(C)c1C,680,667.5000457,0.229779758,467.15,1.838228574,0,1,1
273,CCc1cccc(CC)c1,663,662.9999783,0.324471067,454.25,3.27E-06,1,1,1
274,CCc1cccc(CC)c1N,678,710.0000708,0.229584791,508.65,4.719774454,0,1,1
275,CCC1CCCC1,569.52,569.5199105,0.324607134,376.65,1.57E-05,1,1,1
276,CCc1cccc2ccccc12,776,747.7575249,102.8423781,531.75,3.639494214,0,1,1
277,CCc1ccccc1,617.2,617.1998602,0.324550301,409.25,2.27E-05,1,1,1
278,CCC1CCCCC1,609.15,609.1498858,0.324525502,405.05,1.87E-05,1,1,1
279,CCc1ccccc1C,651.15,651.1498968,0.324639762,438.35,1.58E-05,1,1,1
280,CCc1ccccc1CC,668,654.5000497,0.229812836,457.15,2.020950644,0,1,1
281,CCc1ccccc1N,704,703.9999124,0.324696462,482.8,1.24E-05,1,1,1
282,CCC1OC1,526,525.9998313,0.324570105,336.45,3.21E-05,1,1,1
283,CCCC,425.12,435.6244249,103.1696032,272.65,2.470931713,0,1,1
284,CCCC#CC,549,548.9998696,0.324651379,357.65,2.38E-05,1,1,1
285,CCCC(=C)C,507,507.0000064,0.324597388,335.25,1.26E-06,1,1,1
286,CCCC(=C)CC,543,539.5000436,0.229964691,367.15,0.64455919,1,1,1
287,CCCC(=O)C,561.08,541.0001788,0.324547993,375.35,3.578780423,0,1,1
288,CCCC(=O)CC,582.82,590.6566536,0.187851366,396.65,1.344609588,0,1,1
289,CCCC(=O)CCC,595,598.0000776,0.229783721,417.15,0.504214723,1,1,1
290,CCCC(=O)O,615.7,615.7002321,0.324423765,436.85,3.77E-05,1,1,1
291,CCCC(=O)OC,554.5,554.5000516,0.324491135,375.95,9.31E-06,1,1,1
292,CCCC(=O)OC(=O)CCC,644,644.0003987,0.32449919,473.15,6.19E-05,1,1,1
293,CCCC(=O)OCC,571,584.113636,102.6653064,394.65,2.296608757,0,1,1
294,CCCC(C)(C)C,520.5,520.5000868,0.324658812,352.35,1.67E-05,1,1,1
295,CCCC(C)(C)CC,562,562.0000954,0.324509088,385.05,1.70E-05,1,1,1
296,CCCC(C)C,497.5,497.5000778,0.324613799,333.35,1.56E-05,1,1,1
297,CCCC(C)C(C)C,563.4,565.2000559,0.229634694,388.75,0.31949874,1,1,1
298,CCCC(C)C=C,528,525.5500482,0.229839301,357.05,0.464006023,1,1,1
299,CCCC(C)CC,535.25,535.2500909,0.324534682,364.15,1.70E-05,1,1,1
300,CCCC(C)CCC,561.74,564.5300487,0.188127207,390.85,0.496679727,1,1,1
301,CCCC(C)CO,582,639.9998,0.324417289,422.15,9.965601375,0,0,1
302,CCCC(CC)CC,565.4,580.3146554,102.6660464,391.75,2.637894482,0,1,1
303,CCCC(O)C,560.4,560.4002083,0.324585434,392.45,3.72E-05,1,1,1
304,CCCC=CC,513,513.0000188,0.324628506,341.05,3.66E-06,1,1,1
305,CCCC=CC,513,519.4999826,0.229486569,341.95,1.267053138,0,1,1
306,CCCC=CCC,545,545.0000555,0.324596339,368.95,1.02E-05,1,1,1
307,CCCC=CCCC,568,568.0001742,0.32466846,395.65,3.07E-05,1,1,1
308,CCCC=CCCC,573,573.0001216,0.324520244,395.45,2.12E-05,1,1,1
309,CCCc1ccc(C)cc1,656,656.0000768,0.324594387,456.55,1.17E-05,1,1,1
310,CCCc1cccc(C)c1,654,695.9998865,0.187820233,455.15,6.422000994,0,0,1
311,CCCC1CCCC1,596,601.6666496,0.187831822,404.15,0.950780134,1,1,1
312,CCCc1ccccc1,638.38,638.3799477,0.324621488,432.35,8.19E-06,1,1,1
313,CCCC1CCCCC1,639.15,639.1499079,0.324552212,429.85,1.44E-05,1,1,1
314,CCCc1ccccc1C,662,672.7499645,0.2296182,458.15,1.623861707,0,1,1
315,CCCCC,469.7,469.7000637,0.324496092,309.15,1.36E-05,1,1,1
316,CCCCC(=C)C,538,538.0000763,0.324464327,365.15,1.42E-05,1,1,1
317,CCCCC(=C)CC,574,585.9999615,0.324580525,393.15,2.090585627,0,1,1
318,CCCCC(=O)C,587.05,587.0500505,0.324531418,400.75,8.60E-06,1,1,1
319,CCCCC(=O)CC,600,600.6667225,0.187931549,420.15,0.111120417,1,1,1
320,CCCCC(=O)CCCC,640,675.3833148,0.187903189,461.55,5.528642938,0,0,1
321,CCCCC(=O)O,639.16,667.0162796,102.6894295,459.25,4.358263909,0,1,1
322,CCCCC(C)(C)C,549.8,549.8001508,0.324659887,379.95,2.74E-05,1,1,1
323,CCCCC(C)C,530.37,530.4850628,0.229722049,363.15,0.021694817,1,1,1
324,CCCCC(C)CC,563.67,563.6701586,0.324606711,391.15,2.81E-05,1,1,1
325,CCCCC(C)CC(C)C,600,615.8833772,0.187882142,429.15,2.647229533,0,1,1
326,CCCCC(C)CCC,587.65,587.6502378,0.324590085,415.55,4.05E-05,1,1,1
327,CCCCC(C)CCCC,610,610.000307,0.324686952,438.25,5.03E-05,1,1,1
328,CCCCC(C=O)CC,607,638.7499981,0.162684807,436.15,5.230642191,0,0,1
329,CCCCC(CC)CC,590,607.2500124,0.16308811,416.15,2.923730915,0,1,1
330,CCCCC(CO)CC,640.25,640.2502492,0.324508101,457.75,3.89E-05,1,1,1
331,CCCCC=CC,549,549.0000493,0.32444761,371.55,8.98E-06,1,1,1
332,CCCCC=CCC,574,574.0001247,0.324666071,396.45,2.17E-05,1,1,1
333,CCCCC1CCCC1,621,621.0000882,0.324567052,429.75,1.42E-05,1,1,1
334,CCCCc1ccccc1,660.55,663.5618111,102.6866467,456.45,0.455955053,1,1,1
335,CCCCC1CCCCC1,667,666.9999358,0.324552536,454.05,9.63E-06,1,1,1
336,CCCCCC,507.6,507.6000829,0.32458204,341.85,1.63E-05,1,1,1
337,CCCCCC(=O)C,611.55,622.9999959,0.324359379,424.15,1.872291047,0,1,1
338,CCCCCC(=O)O,659.1,659.1003093,0.324617585,478.35,4.69E-05,1,1,1
339,CCCCCC(C)(C)C,576.8,576.8002198,0.324704515,405.85,3.81E-05,1,1,1
340,CCCCCC(C)C,559.64,559.6401937,0.324642987,390.75,3.46E-05,1,1,1
341,CCCCCC(C)CC,590.15,613.7761258,102.6649428,417.35,4.003410286,0,1,1
342,CCCCCC(C)CCC,610,610.0003146,0.324678563,438.85,5.16E-05,1,1,1
343,CCCCCC(O)C,588,588.000449,0.324403482,432.15,7.64E-05,1,1,1
344,CCCCCC=CC,572,570.3500957,0.229773531,398.75,0.288444808,1,1,1
345,CCCCCC=CC,577,577.000117,0.324551002,398.15,2.03E-05,1,1,1
346,CCCCCc1ccccc1,679.9,679.9001036,0.324519559,478.55,1.52E-05,1,1,1
347,CCCCCCC,540.2,555.1499945,0.229771824,371.65,2.767492503,0,1,1
348,CCCCCCC(=O)C,624,624.0002607,0.324633996,445.65,4.18E-05,1,1,1
349,CCCCCCC(=O)O,676.84,676.8403274,0.324453607,495.35,4.84E-05,1,1,1
350,CCCCCCC(C)C,586.75,586.7502572,0.324491316,416.35,4.38E-05,1,1,1
351,CCCCCCC(C)CC,613,609.5001738,0.229750919,441.05,0.570934127,1,1,1
352,CCCCCCC(O)C,637.15,657.5978326,102.6822965,451.65,3.209265102,0,1,1
353,CCCCCCCC,568.7,570.3500957,0.229773531,398.75,0.290152224,1,1,1
354,CCCCCCCC(=O)C,643,643.0003523,0.324468434,468.45,5.48E-05,1,1,1
355,CCCCCCCC(=O)O,694.26,683.6302213,0.22964354,512.15,1.531094792,0,1,1
356,CCCCCCCC(C)C,610,643.2416073,102.6739718,440.25,5.44944382,0,0,1
357,CCCCCCCc1ccccc1,714,714.0001493,0.32451343,513.15,2.09E-05,1,1,1
358,CCCCCCCCC,594.6,619.8000126,0.229730207,423.95,4.238145409,0,1,1
359,CCCCCCCCC(=O)O,710.7,710.7003304,0.32474107,527.65,4.65E-05,1,1,1
360,CCCCCCCCc1ccccc1,729,729.000244,0.324479784,537.65,3.35E-05,1,1,1
361,CCCCCCCCCC,617.7,617.7003438,0.324488235,447.25,5.57E-05,1,1,1
362,CCCCCCCCCC(=O)O,722.1,722.1003522,0.324775849,541.85,4.88E-05,1,1,1
363,CCCCCCCCCC(=O)OC,671,671.000406,0.324553441,497.15,6.05E-05,1,1,1
364,CCCCCCCCCCC,639,639.0003995,0.324551938,469.05,6.25E-05,1,1,1
365,CCCCCCCCCCC(=O)O,732,777.9999648,0.187839201,553.15,6.284148197,0,0,1
366,CCCCCCCCCCCC,658,658.0004491,0.324387338,489.45,6.83E-05,1,1,1
367,CCCCCCCCCCCCC,675,675.0004905,0.324632498,508.55,7.27E-05,1,1,1
368,CCCCCCCCCCCCCC,693,693.0004975,0.324550357,526.65,7.18E-05,1,1,1
369,CCCCCCCCCCCCCC(=O)O,765,765.0003684,0.32446125,599.35,4.82E-05,1,1,1
370,CCCCCCCCCCCCCCC,708,708.0005107,0.324556672,543.75,7.21E-05,1,1,1
371,CCCCCCCCCCCCCCCC,723,723.0005022,0.324497335,559.95,6.95E-05,1,1,1
372,CCCCCCCCCCCCCCCCC,736,776.5000438,0.229781042,575.15,5.502723342,0,0,1
373,CCCCCCCCCCCCCCCCCC,747,795.4547369,103.1506424,589.45,6.486577898,0,0,1
374,CCCCCCCCCCCCCCCCCCC,758,758.0004608,0.324437632,603.05,6.08E-05,1,1,1
375,CCCCCCCCCCCCCCCCCCCC,768,768.000434,0.324495208,616.15,5.65E-05,1,1,1
376,CCCCCCCCCCCCCCCCCCCCC,778,778.000399,0.324484162,629.65,5.13E-05,1,1,1
377,CCCCCCCCCCCCCCCCCCCCCC,787,787.0003583,0.324569977,641.75,4.55E-05,1,1,1
378,CCCCCCCCCCCCCCCCCCCCCCC,796,796.0003068,0.324409357,653.15,3.85E-05,1,1,1
379,CCCCCCCCCCCCCCCCCCCCCCCC,804,804.0002577,0.32449459,664.45,3.21E-05,1,1,1
380,CCCCCCCCCCCCCCCCCCCCCCCCC,812,812.0002,0.32447405,675.05,2.46E-05,1,1,1
381,CCCCCCCCCCCCCCCCCCCCCCCCCC,819,819.0001456,0.324494165,685.35,1.78E-05,1,1,1
382,CCCCCCCCCCCCCCCCCCCCCCCCCCCC,832,832.000029,0.324449129,704.75,3.49E-06,1,1,1
383,CCCCCCCCCCCCCCCCCCCCCCCCCCCCCC,844,843.9999037,0.324439046,722.85,1.14E-05,1,1,1
384,CCCCCCCCCCCCCCCCCCCCCCCCCCCCCCCC,855,854.9997733,0.324308569,740.15,2.65E-05,1,1,1
385,CCCCCCCCOC(=O)C,652,652.0004365,0.324556601,483.15,6.69E-05,1,1,1
386,CCCCCCCOC(=O)C,637,633.5002097,0.229984312,466.15,0.54941763,1,1,1
387,CCCCCCOC(=O)C,618,633.000079,0.229729391,444.65,2.427197249,0,1,1
388,CCCCCCOCC,583,607.2500124,0.16308811,416.15,4.159521852,0,1,1
389,CCCCCCOCCCCCC,658,658.0005248,0.324500568,496.15,7.98E-05,1,1,1
390,CCCCCOC,541,541.000137,0.324602165,372.15,2.53E-05,1,1,1
391,CCCCCOC(=O)C,598,598.0002226,0.324444968,422.35,3.72E-05,1,1,1
392,CCCCN(CCCC)CCCC,644,644.0005914,0.324520558,489.65,9.18E-05,1,1,1
393,CCCCNCCCC,602.3,602.3003137,0.324534895,432.75,5.21E-05,1,1,1
394,CCCCOC,510,510.0000765,0.324509089,343.25,1.50E-05,1,1,1
395,CCCCOC(=O)C,579.15,579.1501099,0.324617663,399.25,1.90E-05,1,1,1
396,CCCCOC(=O)C(=C)C,616,615.0000959,0.229871173,433.15,0.162322094,1,1,1
397,CCCCOC(=O)C=C,598,598.0001681,0.324501855,418.15,2.81E-05,1,1,1
398,CCCCOC(=O)c1ccccc1,724,724.0001554,0.324584252,523.45,2.15E-05,1,1,1
399,CCCCOC(=O)c1ccccc1C(=O)OCCCC,781,869.2494057,0.32443336,613.15,11.29953978,0,0,0
400,CCCCOC(=O)CC,594,594.0002315,0.324561123,419.95,3.90E-05,1,1,1
401,CCCCOC(=O)CCC,616,629.5000617,0.229549477,439.15,2.191568458,0,1,1
402,CCCCOC(=O)CCCC,629,666.6470544,102.6891227,458.95,5.985223275,0,0,1
403,CCCCOCCCC,581,595.9250632,0.229847497,413.35,2.568857694,0,1,1
404,CCCCS(=O)(=O)CCCC,767,804.9997167,0.324580085,564.15,4.95433073,0,1,1
405,CCCN(=O)=O,605,591.1000279,0.229840253,404.25,2.29751605,0,1,1
406,CCCN(CCC)CCC,577.5,615.8833772,0.187882142,429.15,6.646472242,0,0,1
407,CCCNCCC,550,550.0001814,0.324530076,382.45,3.30E-05,1,1,1
408,CCCOC(=O)C,549.73,549.7300823,0.324497417,374.65,1.50E-05,1,1,1
409,CCCOC(=O)C(C)C,589.15,589.1501316,0.324722541,408.55,2.23E-05,1,1,1
410,CCCOC(=O)c1ccccc1,710,709.9998681,0.324427254,484.15,1.86E-05,1,1,1
411,CCCOC(=O)CC,568.6,568.0001742,0.32466846,395.65,0.105491699,1,1,1
412,CCCOC(=O)CCC,594,607.2500124,0.16308811,416.15,2.230641818,0,1,1
413,CCCOCCC,530.6,530.4850628,0.229722049,363.15,0.021661741,1,1,1
414,CCCS(=O)(=O)CCC,763,758.5183726,102.8853137,543.15,0.587369253,1,1,1
415,CCCSC,565,564.9998529,0.32460821,368.75,2.60E-05,1,1,1
416,CCCSCCC,608,608.0000408,0.324637695,416.05,6.71E-06,1,1,1
417,CCN(=O)=O,593,592.9998129,0.324622089,387.15,3.16E-05,1,1,1
418,CCN(CC)CC,535.15,535.1500661,0.3246389,362.15,1.24E-05,1,1,1
419,CCNc1ccccc1,698.55,697.9998944,0.324526212,476.15,0.078749639,1,1,1
420,CCNCC,496.6,499.4886031,102.7532255,328.65,0.581676017,1,1,1
421,CCOC(=O)C,523.3,523.3000321,0.324526085,350.25,6.13E-06,1,1,1
422,CCOC(=O)C(=C)C,577,584.9999661,0.229872993,390.15,1.386475927,0,1,1
423,CCOC(=O)C(=O)OCC,646,646.0002052,0.324493485,458.85,3.18E-05,1,1,1
424,CCOC(=O)C(C)C,553.15,553.1501603,0.324627834,383.25,2.90E-05,1,1,1
425,CCOC(=O)C=C,553,553.0000223,0.324597987,372.55,4.03E-06,1,1,1
426,CCOC(=O)c1ccccc1,698,697.9999997,0.324540662,485.15,4.30E-08,1,1,1
427,CCOC(=O)c1ccccc1C(=O)OCC,757,802.6665907,0.187848096,568.15,6.032574729,0,0,1
428,CCOC(=O)CC,546,554.8410216,102.6760042,372.25,1.619234725,0,1,1
429,CCOC(=O)CC(=O)C,643,643.0001746,0.324554741,453.95,2.72E-05,1,1,1
430,CCOC(=O)CC(C)C,587.95,578.4751165,0.229857579,408.15,1.611511778,0,1,1
431,CCOC(=O)CCl,618,617.999959,0.324443811,417.45,6.63E-06,1,1,1
432,CCOC(=O)OCC,576,576.0001401,0.324516948,399.15,2.43E-05,1,1,1
433,CCOC(C)(C)C,514,514.0000743,0.324640787,346.25,1.45E-05,1,1,1
434,CCOC(C)(C)CC,544,544.0001461,0.324614096,375.15,2.69E-05,1,1,1
435,CCOC(C)C,489,489.0000877,0.32444405,327.25,1.79E-05,1,1,1
436,CCOC(C)OCC,541,541.0001788,0.324547993,375.35,3.30E-05,1,1,1
437,CCOc1ccccc1,647.15,658.9998766,0.324564715,442.95,1.831086549,0,1,1
438,CCOCC,466.7,466.7000762,0.324431146,307.65,1.63E-05,1,1,1
439,CCOCc1ccccc1,662,671.9999489,0.324623116,459.15,1.510566299,0,1,1
440,CCOCCC,500.23,500.2300878,0.324646611,336.35,1.76E-05,1,1,1
441,CCOCCCC,531,531.0001502,0.32453458,365.45,2.83E-05,1,1,1
442,CCOCCOC(=O)C,597,597.0003256,0.324687741,429.55,5.45E-05,1,1,1
443,CCOCCOCC,561,590.1499121,0.324590282,392.55,5.196062763,0,0,1
444,CCOCOCC,524,524.0001647,0.324563113,361.15,3.14E-05,1,1,1
445,CCOP(=O)(OCC)OCC,750,749.9995199,0.324574876,488.65,6.40E-05,1,1,1
446,CCOS(=O)(=O)OCC,749,695.9999866,0.229557752,481.15,7.076103258,0,0,1
447,CCOS(=O)OCC,624,627.0000231,0.229864665,431.15,0.480772933,1,1,1
448,CCSCC,557.15,557.1498861,0.324456129,365.25,2.04E-05,1,1,1
449,CCSSCC,642,641.999846,0.32458659,427.25,2.40E-05,1,1,1
450,ClC(Br)(F)F,426.15,426.1500618,0.324605815,269.45,1.45E-05,1,1,1
451,ClC(C)(C)C,507,506.9998687,0.324608605,324.05,2.59E-05,1,1,1
452,ClC(C)C,489,475.7225767,102.8389739,308.85,2.715219489,0,1,1
453,ClC(Cl)(Cl)C,545,544.9997758,0.324587189,347.15,4.11E-05,1,1,1
454,ClC(Cl)(F)C(Cl)(F)F,487.25,487.2500274,0.324509181,320.85,5.62E-06,1,1,1
455,ClC(Cl)C,523,501.8244092,102.747252,330.55,4.048870134,0,1,1
456,ClC(Cl)C(Cl)Cl,645,644.9997177,0.324707838,419.65,4.38E-05,1,1,1
457,ClC(F)(F)C,410.2,410.2001606,0.32447784,263.45,3.92E-05,1,1,1
458,ClC(F)(F)C(Cl)(F)F,418.85,418.8502128,0.324447464,276.95,5.08E-05,1,1,1
459,ClC(F)(F)C(F)(F)F,353.15,399.9843886,103.9360085,235.25,13.26189681,0,0,0
460,Clc1ccc(C)c(Cl)c1,705,703.0249102,0.229679102,474.15,0.280154582,1,1,1
461,Clc1ccc(C)cc1,660,659.9997725,0.324702314,435.55,3.45E-05,1,1,1
462,Clc1ccc(cc1)N(=O)=O,751,764.4998327,0.229758356,515.15,1.797580919,0,1,1
463,Clc1ccc(Cl)cc1,684.75,684.7496721,0.324619151,447.15,4.79E-05,1,1,1
464,Clc1ccc(N)cc1,754,743.999882,0.22987152,505.15,1.326275597,0,1,1
465,Clc1ccc(O)cc1,738,709.4999881,0.229701822,493.15,3.86179023,0,1,1
466,Clc1cccc(c1)N(=O)=O,742,710.0000708,0.229584791,508.65,4.312658922,0,1,1
467,Clc1cccc(Cl)c1,683.95,683.9496675,0.324551402,446.15,4.86E-05,1,1,1
468,Clc1cccc(N)c1,751,702.5000812,0.229783593,503.65,6.458045113,0,0,1
469,Clc1cccc(O)c1,729,700.2750795,102.728121,487.15,3.940318313,0,1,1
470,Clc1ccccc1,632.35,632.3496511,0.324615262,404.85,5.52E-05,1,1,1
471,Clc1ccccc1C,656,588.000449,0.324403482,432.15,10.36578521,0,0,0
472,Clc1ccccc1Cl,705,659.4671001,102.6836,453.15,6.458567362,0,0,1
473,Clc1ccccc1N,722,721.9997226,0.324512396,481.95,3.84E-05,1,1,1
474,Clc1ccccc1O,675,674.9997809,0.324480568,448.05,3.25E-05,1,1,1
475,ClCC,460.35,460.3498888,0.324539048,285.45,2.42E-05,1,1,1
476,ClCC(Cl)CC,600,582.0000276,0.229599659,397.25,2.9999954,0,1,1
477,ClCC(Cl)Cl,602,601.9997203,0.324630904,386.95,4.65E-05,1,1,1
478,ClCC=C(Cl)C,618,601.6666496,0.187831822,404.15,2.642936958,0,1,1
479,ClCC=CCCl,646,649.4998938,0.22976228,428.55,0.541779226,1,1,1
480,ClCC=CCCl,640,639.9998453,0.324480972,425.65,2.42E-05,1,1,1
481,ClCc1ccccc1,686,678.9998961,0.229625501,452.15,1.020423309,0,1,1
482,ClCCCC,537,536.9999142,0.324554047,351.75,1.60E-05,1,1,1
483,ClCCCCC,568,557.8900414,0.229587469,380.95,1.779922289,0,1,1
484,ClCCCCCCl,663,678.9998961,0.229625501,452.15,2.41325733,0,1,1
485,ClCCCCCl,641,640.9999446,0.324465523,434.15,8.64E-06,1,1,1
486,ClCCCCl,603,602.9998033,0.324573967,394.05,3.26E-05,1,1,1
487,ClCCCl,561.6,561.5997309,0.3245086,356.65,4.79E-05,1,1,1
488,ClCOC,521,526.4998896,0.22978409,332.65,1.055640998,0,1,1
489,CN(C)C,433.25,433.2500582,0.324570191,275.95,1.34E-05,1,1,1
490,CN(C)c1ccccc1,687.15,687.1498884,0.324682398,466.6,1.62E-05,1,1,1
491,CN1C=CC=C1,610,603.9998579,0.229685935,388.15,0.983629852,1,1,1
492,CN1CCCC1,550,546.9999224,0.229904377,354.15,0.545468655,1,1,1
493,CNC,437.2,437.2000611,0.324573573,279.95,1.40E-05,1,1,1
494,CNC(=O)C,718,687.2000052,0.146014361,478.15,4.289692869,0,1,1
495,CNc1ccccc1,701.55,701.5497776,0.324606706,469.35,3.17E-05,1,1,1
496,CNC1CCCCC1,622,600.6667225,0.187931549,420.15,3.429787379,0,1,1
497,COC,400.1,400.1001162,0.324568338,248.35,2.90E-05,1,1,1
498,COC(=O)C,506.55,506.5499453,0.324602814,329.95,1.08E-05,1,1,1
499,COC(=O)C(=C)C,566,556.6623397,102.6749579,373.65,1.649763304,0,1,1
500,COC(=O)C(C)C,540.7,540.7000558,0.324528362,365.65,1.03E-05,1,1,1
501,COC(=O)c1ccccc1,693,682.6738654,102.7047267,472.15,1.490062713,0,1,1
502,COC(=O)c1ccccc1C(=O)OC,766,766.0000461,0.324568619,556.85,6.02E-06,1,1,1
503,COC(=O)c1ccccc1O,701,710.3681194,102.7451769,496.05,1.336393638,0,1,1
504,COC(=O)CC(=O)C,642,642.0000707,0.324555579,444.85,1.10E-05,1,1,1
505,COC(=O)OC,548,543.6940461,102.683824,363.65,0.785758011,1,1,1
506,COC(C)(C)C,497.1,497.1000202,0.324544468,328.35,4.06E-06,1,1,1
507,COC(C)C,464.5,464.5000541,0.32450614,303.85,1.16E-05,1,1,1
508,COc1ccc(O)cc1,758,730.5000078,0.229760369,516.15,3.627967309,0,1,1
509,COc1ccccc1,645.6,645.5998048,0.324581463,426.85,3.02E-05,1,1,1
510,COc1ccccc1N(=O)=O,782,781.9998282,0.32450759,550.15,2.20E-05,1,1,1
511,COc1ccccc1O,697,687.2000052,0.146014361,478.15,1.406025079,0,1,1
512,COCC,437.8,443.9502464,103.0713745,280.55,1.404807309,0,1,1
513,COCC(=O)O,691,688.0271448,102.7110794,476.65,0.430225065,1,1,1
514,COCC(C)C,497,499.0000215,0.229924297,331.75,0.402418813,1,1,1
515,COCC(O)C,553,568.5000617,0.229882154,392.15,2.802904467,0,1,1
516,COCCC,476.3,476.3000342,0.324507233,312.25,7.18E-06,1,1,1
517,COCCOC,536.15,536.1500046,0.324612328,358.15,8.58E-07,1,1,1
518,COCCOCCOC,608,624.1150631,0.229575607,435.15,2.650503799,0,1,1
519,COP(=O)(OC)OC,722,680.5161031,102.7023375,470.35,5.745692091,0,0,1
520,CSC,503.04,503.0397456,0.324525295,310.45,5.06E-05,1,1,1
521,CSCC,533,532.9998038,0.324441798,339.85,3.68E-05,1,1,1
522,CSCCCC,593,590.6566536,0.187851366,396.65,0.395168027,1,1,1
523,FC(F)(F)C,346.25,346.2504568,0.324483188,225.65,0.000131928,1,1,1
524,FC(F)(F)C(F)(F)C(F)(F)C(F)(F)C(F)(F)C(F)(F)F,448.8,448.8005204,0.324498105,329.75,0.000115954,1,1,1
525,FC(F)(F)C(F)(F)F,292.8,292.8007676,0.324468396,195.05,0.000262158,1,1,1
526,FC(F)(F)C1(F)C(F)(F)C(F)(F)C(F)(F)C(F)(F)C1(F)F,486.8,486.8003869,0.32463841,349.45,7.95E-05,1,1,1
527,FC(F)C,386.44,386.4402518,0.324539694,248.25,6.52E-05,1,1,1
528,Fc1c(F)c(F)c(F)c(F)c1F,516.73,526.3650205,0.22972447,353.35,1.864614112,0,1,1
529,Fc1ccccc1,560.09,560.0897614,0.324488663,357.85,4.26E-05,1,1,1
530,FCC,375.31,375.3102493,0.324496323,235.55,6.64E-05,1,1,1
531,IC(C)C,578,577.999644,0.324481277,362.65,6.16E-05,1,1,1
532,Ic1ccccc1,721.15,675.3833148,0.187903189,461.55,6.346347528,0,0,1
533,ICC,561,560.9995968,0.324620282,345.65,7.19E-05,1,1,1
534,ICCC,593,592.999664,0.324438376,375.75,5.67E-05,1,1,1
535,ICI,747,695.9998865,0.187820233,455.15,6.827324431,0,0,1
536,N#CC(=C)C,554,553.9998943,0.324590677,363.45,1.91E-05,1,1,1
537,N#CC(C)C,565,564.9999609,0.324616227,377.05,6.92E-06,1,1,1
538,N#CC(O)(C)C,620,649.4333291,0.188039692,444.15,4.747311145,0,1,1
539,N#CC(O)C,643,643.0002019,0.324590228,456.15,3.14E-05,1,1,1
540,N#CC=C,535,534.9999176,0.324569451,350.45,1.54E-05,1,1,1
541,N#CC=CC,586,585.9999615,0.324580525,393.15,6.57E-06,1,1,1
542,N#Cc1ccccc1,699.35,699.3497379,0.324544424,464.25,3.75E-05,1,1,1
543,N#CCC,564.4,564.3998785,0.324494737,370.25,2.15E-05,1,1,1
544,N#CCC(=O)OC,687,684.4649028,102.7067829,473.65,0.369009782,1,1,1
545,N#CCC(=O)OCC,679,652.0004365,0.324556601,483.15,3.976371649,0,1,1
546,N#CCC=C,584,568.5000617,0.229882154,392.15,2.654099024,0,1,1
547,N#CCc1ccccc1,732,731.9999001,0.324654311,506.65,1.36E-05,1,1,1
548,N#CCCC,582.25,559.6401937,0.324642987,390.75,3.883178411,0,1,1
549,N#CCCC#N,770,769.9998481,0.324481584,539.15,1.97E-05,1,1,1
550,N#CCCCC,603,603.00007,0.324641459,414.45,1.16E-05,1,1,1
551,N#CCCCC#N,782,772.5513772,102.9582146,559.15,1.208263785,0,1,1
552,N#CCCCCC#N,781,802.6665907,0.187848096,568.15,2.774211357,0,1,1
553,N#CCCO,690,753.9995423,0.32458343,494.15,9.275295986,0,0,1
554,N#CCCOC,638,638.7499981,0.162684807,436.15,0.117554561,1,1,1
555,n1ccc2ccccc2c1,803.15,803.1492913,0.324612529,516.35,8.82E-05,1,1,1
556,N1CCCC1,568.55,568.5496999,0.32460694,359.65,5.28E-05,1,1,1
557,n1ccccc1,619.95,619.9495591,0.324611831,388.35,7.11E-05,1,1,1
558,N1CCCCC1,594.05,594.0497004,0.324511579,379.35,5.04E-05,1,1,1
559,N1CCCCCC1,624,646.6495905,0.324533107,411.15,3.629742067,0,1,1
560,N1CCOCC1,618,598.9999363,0.324622893,401.15,3.074443964,0,1,1
561,NC(C)(C)C,483.9,483.9000165,0.324608576,317.15,3.41E-06,1,1,1
562,NC(C)C,471.85,479.5249577,0.22973877,304.85,1.626567278,0,1,1
563,Nc1ccc(C)c(N)c1,804,777.4771062,102.9900225,565.15,3.298867388,0,1,1
564,Nc1ccc(C)cc1,693.15,693.1499119,0.324582644,473.55,1.27E-05,1,1,1
565,Nc1ccc(cc1)N(=O)=O,851,850.9995432,0.324422759,605.15,5.37E-05,1,1,1
566,Nc1ccc(cc1)Nc2ccccc2,867,816.7792678,103.5476955,627.15,5.792471995,0,0,1
567,Nc1ccc(N)cc1,796,795.9995975,0.324634588,540.15,5.06E-05,1,1,1
568,Nc1cccc(C)c1,709.15,709.1497864,0.324437988,476.45,3.01E-05,1,1,1
569,Nc1cccc(c1)N(=O)=O,815,814.9997323,0.324673272,579.15,3.28E-05,1,1,1
570,Nc1cccc(N)c1,824,796.7498748,0.229680793,558.15,3.307054029,0,1,1
571,Nc1ccccc1,699,698.9996555,0.324585143,457.25,4.93E-05,1,1,1
572,NC1CCCCC1,615,593.4100353,0.229836061,407.15,3.510563366,0,1,1
573,Nc1ccccc1C,694.15,694.1499007,0.324593041,473.45,1.43E-05,1,1,1
574,Nc1ccccc1N,781,780.999652,0.324466161,530.15,4.46E-05,1,1,1
575,NCC,456.15,456.1499769,0.324536446,289.65,5.06E-06,1,1,1
576,NCC(C)C,513.73,514.9999963,0.324648919,340.85,0.24721085,1,1,1
577,NCC(O)C,614,615.0000959,0.229871173,433.15,0.162882068,1,1,1
578,NCc1ccccc1,683.5,672.7499645,0.2296182,458.15,1.572792319,0,1,1
579,NCCC,496.95,496.9499244,0.324497114,320.35,1.52E-05,1,1,1
580,NCCCC,531.9,531.8999448,0.324658262,350.15,1.04E-05,1,1,1
581,NCCCCC,555,555.0000661,0.324651657,377.45,1.19E-05,1,1,1
582,NCCCCCC,584,584.0001491,0.324699847,405.95,2.55E-05,1,1,1
583,NCCCCCCC,607,615.8833772,0.187882142,429.15,1.46348883,0,1,1
584,NCCCCCCCC,627,627.0003197,0.324554702,452.75,5.10E-05,1,1,1
585,NCCCCCCCCC,648,676.9250478,0.229998424,475.35,4.463741944,0,1,1
586,NCCCCCCN,660,687.2000052,0.146014361,478.15,4.121212909,0,1,1
587,NCCCO,649,649.0001973,0.324629791,460.65,3.04E-05,1,1,1
588,NCCN,593,584.9999661,0.229872993,390.15,1.349078229,0,1,1
589,NCCNCCN,676,692.148666,102.7164062,480.15,2.388855917,0,1,1
590,NCCO,678.2,649.4333291,0.188039692,444.15,4.241620599,0,1,1
591,O=C(C)C,508.2,508.199919,0.324517789,329.15,1.59E-05,1,1,1
592,O=C(C)C(=C)C,566,554.4999945,0.229722978,371.15,2.031803092,0,1,1
593,O=C(C)C(C)(C)C,564,576.9999348,0.229692079,379.25,2.304952979,0,1,1
594,O=C(C)C(C)C,553,552.9999561,0.324628051,367.45,7.94E-06,1,1,1
595,O=C(C)c1ccccc1,709.5,703.0749579,0.162691515,475.15,0.905573235,1,1,1
596,O=C(C)CC(=O)C,646.65,646.6495905,0.324533107,411.15,6.33E-05,1,1,1
597,O=C(C)CC(C)C,571.4,566.1000573,0.229822734,389.65,0.927536349,1,1,1
598,O=C(C)CC(O)(C)C,606,609.5001738,0.229750919,441.05,0.577586436,1,1,1
599,O=C(C)CCC(C)C,601,598.0000776,0.229783721,417.15,0.499155141,1,1,1
600,O=C(C)N(C)C,658,657.9998257,0.324538041,438.15,2.65E-05,1,1,1
601,O=C(C)OC(=O)C,606,607.656774,102.6642614,412.65,0.27339505,1,1,1
602,O=C(C)OC(C)(C)C,545,545.3500225,0.187676461,370.15,0.064224312,1,1,1
603,O=C(C)OC(C)C,532,532.0000924,0.324552173,361.75,1.74E-05,1,1,1
604,O=C(C)OC1CCCCC1,648,683.9496675,0.324551402,446.15,5.547788194,0,0,1
605,O=C(C)OCC(C)C,560.8,566.1000573,0.229822734,389.65,0.945088677,1,1,1
606,O=C(C)OCc1ccccc1,699,699.0000012,0.324793301,486.15,1.72E-07,1,1,1
607,O=C(C)OCCC(C)C,599,599.0001257,0.324642526,415.65,2.10E-05,1,1,1
608,O=C(C)OCCOC(=O)C,653,653.0001879,0.32461066,463.15,2.88E-05,1,1,1
609,O=C(c1ccccc1)c2ccccc2,816,815.9997178,0.324484473,578.55,3.46E-05,1,1,1
610,O=C(N)C,761,740.4998443,0.229881947,495.15,2.693844376,0,1,1
611,O=C(O)C,591.95,591.9498744,0.324546415,391.05,2.12E-05,1,1,1
612,O=C(O)C(=C)C,662,638.7499981,0.162684807,436.15,3.512084879,0,1,1
613,O=C(O)C(C)C,605,605.0002198,0.324435118,427.55,3.63E-05,1,1,1
614,O=C(O)C(F)(F)F,491.25,491.2503006,0.324585795,346.15,6.12E-05,1,1,1
615,O=C(O)C=CC(=O)O,771,771.0004616,0.324309815,795.15,5.99E-05,1,1,1
616,O=C(O)C=Cc1ccccc1,797,793.6666336,0.187711886,573.15,0.418239197,1,1,1
617,O=C(O)c1ccccc1,751,750.9998743,0.324586357,522.35,1.67E-05,1,1,1
618,O=C(O)c1ccccc1C,751,735.2000647,0.22994766,532.15,2.103852903,0,1,1
619,O=C(O)c1ccccc1Cl,792,791.9998139,0.324568049,560.15,2.35E-05,1,1,1
620,O=C(O)CC(C)C,634,655.0979484,102.6806351,449.65,3.327752114,0,1,1
621,O=C(O)CCCC(=O)O,807,786.0129365,103.0558296,576.15,2.600627447,0,1,1
622,O=C(O)CCCCC(=O)O,809,808.9999945,0.324468661,610.65,6.80E-07,1,1,1
623,O=C(O)CCCCCC(=O)O,805,805.0000588,0.324274883,615.15,7.30E-06,1,1,1
624,O=C=Nc1ccc(C)c(N=C=O)c1,725,725.0001524,0.324516882,524.15,2.10E-05,1,1,1
625,O=C=Nc1ccccc1,648,638.7499981,0.162684807,436.15,1.427469429,0,1,1
626,O=C1C=CC(=O)O1,721,703.0749579,0.162691515,475.15,2.486136214,0,1,1
627,O=C1CCC(=O)O1,811,810.9993907,0.324483052,534.15,7.51E-05,1,1,1
628,O=C1CCCC1,634.56,634.5596134,0.324485744,403.65,6.09E-05,1,1,1
629,O=C1CCCCC1,653,649.4998938,0.22976228,428.55,0.536004012,1,1,1
630,O=C1CCCN1,792,777.9997807,0.229948218,518.15,1.767704457,0,1,1
631,O=C1CCCN1C,721.8,703.0749579,0.162691515,475.15,2.594214755,0,1,1
632,O=C1CCCO1,739,738.9994961,0.324453476,477.15,6.82E-05,1,1,1
633,O=C1OCC(C)O1,778,764.4998327,0.229758356,515.15,1.735240013,0,1,1
634,O=C1OCCCCC1,771,770.9993042,0.324594621,488.15,9.02E-05,1,1,1
635,O=C1OCCO1,790,789.9994721,0.324496867,521.15,6.68E-05,1,1,1
636,O=CC,466,458.1849983,0.22987428,293.25,1.677038991,0,1,1
637,O=CC(C)C,507,507.0000363,0.324489765,337.65,7.16E-06,1,1,1
638,O=CC1=CC=CO1,670.15,670.1496621,0.324496199,434.85,5.04E-05,1,1,1
639,O=Cc1ccc(C)cc1,698,697.999912,0.324442506,477.65,1.26E-05,1,1,1
640,O=Cc1ccc(O)cc1,844,843.9994711,0.324517993,583.15,6.27E-05,1,1,1
641,O=Cc1ccccc1,695,678.9998961,0.229625501,452.15,2.302173223,0,1,1
642,O=Cc1ccccc1O,680,680.0000027,0.324666336,470.15,3.97E-07,1,1,1
643,O=CCC(C)CCC,595,607.2500124,0.16308811,416.15,2.058825613,0,1,1
644,O=CCCC,537.2,537.1998639,0.324639399,347.95,2.53E-05,1,1,1
645,O=CCCCC,566.1,566.0999381,0.324650614,376.15,1.09E-05,1,1,1
646,O=CCCCCC,591,601.6666496,0.187831822,404.15,1.804847648,0,1,1
647,O=CCCCCCC,617,617.0000792,0.324477599,425.95,1.28E-05,1,1,1
648,O=CCCCCCCC,638.1,649.4333291,0.188039692,444.15,1.776105485,0,1,1
649,O=CCCCCCCCC,658,658.0001501,0.324486885,464.15,2.28E-05,1,1,1
650,O=CCCCCCCCCC,674.2,674.200197,0.324466705,481.65,2.92E-05,1,1,1
651,O=CNc1ccccc1,787,786.9997243,0.324524333,544.15,3.50E-05,1,1,1
652,O=COC,487.2,479.5249577,0.22973877,304.85,1.575337089,0,1,1
653,O=COC(C)CC,546,545.3500225,0.187676461,370.15,0.119043498,1,1,1
654,O=COCC,508.4,508.3998974,0.324475058,327.55,2.02E-05,1,1,1
655,O=COCC(C)C,551.35,551.3500232,0.324596833,371.35,4.21E-06,1,1,1
656,O=COCc1ccccc1,698,697.9998944,0.324526212,476.15,1.51E-05,1,1,1
657,O=COCCC,538,537.9999336,0.324712148,354.05,1.23E-05,1,1,1
658,O=COCCCC,559,576.9999348,0.229692079,379.25,3.220024114,0,1,1
659,O=COCCCCC,576,595.768488,102.664052,403.55,3.432029167,0,1,1
660,O=COCCCCCC,607,607.000214,0.324440555,428.65,3.53E-05,1,1,1
661,O=N(=O)C(C)C,594,593.9998841,0.324667991,393.35,1.95E-05,1,1,1
662,O=N(=O)c1ccc(C)c(c1)N(=O)=O,814,793.6666336,0.187711886,573.15,2.49795656,0,1,1
663,O=N(=O)c1ccc(cc1)N(=O)=O,803,802.9997844,0.32467009,570.15,2.68E-05,1,1,1
664,O=N(=O)c1cccc(c1)N(=O)=O,805,804.9997167,0.324580085,564.15,3.52E-05,1,1,1
665,O=N(=O)c1cccc(N(=O)=O)c1C,770,793.6666336,0.187711886,573.15,3.073588779,0,1,1
666,O=N(=O)c1ccccc1,719,718.9997758,0.324586573,483.95,3.12E-05,1,1,1
667,O=N(=O)c1ccccc1C,720,740.4998443,0.229881947,495.15,2.847200597,0,1,1
668,O=N(=O)c1ccccc1Cl,757,756.9997766,0.324659597,518.65,2.95E-05,1,1,1
669,O=N(=O)c1ccccc1N,784,781.9999443,0.229669318,557.15,0.255109145,1,1,1
670,O=N(=O)c1ccccc1N(=O)=O,831,830.9996559,0.324478645,591.15,4.14E-05,1,1,1
671,O=S(C)C,729,728.9994158,0.324687893,462.15,8.01E-05,1,1,1
672,O1CCCC1,540.15,540.149711,0.324436641,338.15,5.35E-05,1,1,1
673,O1CCOCC1,587,549.7300823,0.324497417,374.65,6.34921937,0,0,1
674,O1COCCC1,590,576.9999348,0.229692079,379.25,2.203400881,0,1,1
675,OC(C)(C)C,506.21,506.2102706,0.324464805,355.55,5.35E-05,1,1,1
676,OC(C)(C)c1ccccc1,660,703.0749579,0.162691515,475.15,6.526508773,0,0,1
677,OC(C)C,508.3,508.3002485,0.324576187,355.45,4.89E-05,1,1,1
678,OC(C)c1ccccc1,668,687.2000052,0.146014361,478.15,2.874252275,0,1,1
679,OC(C)CC(C)C,574.4,650.1494719,0.324563178,404.75,13.18758216,0,0,0
680,OC(C)CC(O)(C)C,621,650.0001574,0.229766011,471.15,4.669912625,0,1,1
681,OC(C)CC(O)C,629,682.6738654,102.7047267,472.15,8.533205946,0,0,1
682,OC(C)CNCC(O)C,672,671.0003412,0.229688645,523.15,0.14875875,1,1,1
683,OC(C)COCC(O)C,654,702.5000812,0.229783593,503.65,7.415914557,0,0,1
684,OC1(C)CCCCC1,613,612.5000763,0.229718405,428.15,0.081553622,1,1,1
685,Oc1cc(C)cc(C)c1,715.65,715.6499337,0.324480012,494.85,9.26E-06,1,1,1
686,Oc1ccc(C)c(C)c1,729.95,729.9498497,0.324680423,500.15,2.06E-05,1,1,1
687,Oc1ccc(C)cc1,704.65,704.6498148,0.324493277,475.05,2.63E-05,1,1,1
688,Oc1ccc(cc1)C(C)(C)C,734,733.9999176,0.324653092,510.15,1.12E-05,1,1,1
689,Oc1ccc(O)cc1,822,791.9998139,0.324568049,560.15,3.649657676,0,1,1
690,Oc1cccc(C)c1,705.85,676.9250478,0.229998424,475.35,4.097889382,0,1,1
691,Oc1cccc(C)c1C,722.95,722.9498064,0.324635357,490.05,2.68E-05,1,1,1
692,Oc1cccc(O)c1,810,777.9999648,0.187839201,553.15,3.95062163,0,1,1
693,Oc1ccccc1,694.25,661.7036451,102.6852315,454.95,4.687987742,0,1,1
694,OC1CCCCC1,650,649.9998521,0.324486034,433.95,2.28E-05,1,1,1
695,Oc1ccccc1C,697.55,658.0001501,0.324486885,464.15,5.669822937,0,0,1
696,Oc1ccccc1O,764,777.9997807,0.229948218,518.15,1.832432029,0,1,1
697,OCC,513.92,527.9104844,102.7000633,351.35,2.72230783,0,1,1
698,OCC#CCO,695,726.9999983,0.324636673,511.15,4.604316302,0,1,1
699,OCC(=O)C,596,596.0001946,0.32469376,418.65,3.27E-05,1,1,1
700,OCC(C)(C)C,550,561.1000418,0.187818591,386.65,2.018189418,0,1,1
701,OCC(C)(C)CO,643,695.9999866,0.229557752,481.15,8.242610669,0,0,1
702,OCC(C)C,547.78,557.8900414,0.229587469,380.95,1.845639016,0,1,1
703,OCC(C)CC,565,598.9999363,0.324622893,401.15,6.017687841,0,0,1
704,OCC(CC)CC,580,600.6667225,0.187931549,420.15,3.563228017,0,1,1
705,OCC(O)C,626,668.8591095,102.6909965,460.75,6.846503115,0,0,1
706,OCC(O)CO,723,775.8560794,102.9791205,563.15,7.310661051,0,0,1
707,OCC1=CC=CO1,632,649.4333291,0.188039692,444.15,2.758438149,0,1,1
708,OCc1ccccc1,720.15,720.1497,0.324598159,478.45,4.17E-05,1,1,1
709,OCC1OCCC1,639,639.0001797,0.324560921,451.15,2.81E-05,1,1,1
710,OCCC,536.78,536.7801559,0.324472409,370.35,2.90E-05,1,1,1
711,OCCC(C)C,577.2,591.1000279,0.229840253,404.25,2.408182242,0,1,1
712,OCCC(O)C,643,692.7343513,102.7171961,480.65,7.734735816,0,0,1
713,OCCc1ccccc1,684,684.0002107,0.32467873,491.35,3.08E-05,1,1,1
714,OCCCC,563.05,564.5300487,0.188127207,390.85,0.262862748,1,1,1
715,OCCCCC,586.15,586.1501942,0.324727245,411.05,3.31E-05,1,1,1
716,OCCCCC(C)C,605,614.0001645,0.229762178,443.15,1.487630496,0,1,1
717,OCCCCCC,611.35,611.3501975,0.324536545,430.75,3.23E-05,1,1,1
718,OCCCCCCC,631.9,631.9002307,0.324730751,449.55,3.65E-05,1,1,1
719,OCCCCCCCC,652.5,677.9872188,102.6996577,468.25,3.906087172,0,1,1
720,OCCCCCCCCC,668.9,668.9003057,0.324613133,486.45,4.57E-05,1,1,1
721,OCCCCCCCCCC,684.4,684.4003501,0.324553501,504.25,5.12E-05,1,1,1
722,OCCCCCCCCCCC,703,730.5000078,0.229760369,516.15,3.911807653,0,1,1
723,OCCCCCCCCCCCC,719.4,735.2000647,0.22994766,532.15,2.196283667,0,1,1
724,OCCCCCCCCCCCCCC,747,747.0002803,0.324582339,562.15,3.75E-05,1,1,1
725,OCCCCCCCCCCCCCCCCCCCC,809,809.0001506,0.324526235,645.15,1.86E-05,1,1,1
726,OCCCCCCO,670,671.0003412,0.229688645,523.15,0.149304657,1,1,1
727,OCCCCCO,673,683.6302213,0.22964354,512.15,1.579527682,0,1,1
728,OCCCCO,667,667.0005662,0.324678634,508.15,8.49E-05,1,1,1
729,OCCN(C)C,571.82,593.4100353,0.229836061,407.15,3.775669844,0,1,1
730,OCCN(C)CCO,675,675.0006119,0.324700485,520.15,9.07E-05,1,1,1
731,OCCN(CCO)CCO,772.1,807.2788272,103.3238229,608.55,4.556252713,0,1,1
732,OCCNC,630,627.0000231,0.229864665,431.15,0.47618681,1,1,1
733,OCCNCCO,736.6,757.4147879,102.8804689,541.95,2.825792547,0,1,1
734,OCCO,719.7,719.6996093,0.324701299,470.45,5.43E-05,1,1,1
735,OCCOC,564,582.0000276,0.229599659,397.25,3.191494255,0,1,1
736,OCCOCC,569,578.4751165,0.229857579,408.15,1.665222583,0,1,1
737,OCCOCCC,582,582.0003904,0.324652244,422.95,6.71E-05,1,1,1
738,OCCOCCCC,600,600.0004489,0.324632025,441.55,7.48E-05,1,1,1
739,OCCOCCO,744.6,744.5999036,0.324426204,518.95,1.29E-05,1,1,1
740,OCCOCCOC,630,633.5002097,0.229984312,466.15,0.555588841,1,1,1
741,OCCOCCOCC,632,632.0004707,0.324556878,469.15,7.45E-05,1,1,1
742,OCCOCCOCCCC,654,719.3042856,102.7629632,504.15,9.985364771,0,0,1
743,OCCOCCOCCO,769.5,796.7498748,0.229680793,558.15,3.541244288,0,1,1
744,OCCSCC,641,654.5000497,0.229812836,457.15,2.106091997,0,1,1
745,OCCSCCO,731,731.0003816,0.324567874,555.15,5.22E-05,1,1,1
746,S1CCCC1,631.95,583.4586132,102.6654211,394.15,7.673294849,0,0,1
747,SC(C)(C)C,530,529.9998038,0.324601558,337.45,3.70E-05,1,1,1
748,SC(C)C,517,516.9997894,0.324474428,325.75,4.07E-05,1,1,1
749,Sc1ccccc1,689,674.4998564,0.2296399,442.25,2.104520116,0,1,1
750,SC1CCCCC1,664,663.9996878,0.324536655,432.05,4.70E-05,1,1,1
751,SCC,499.15,499.1497587,0.324667336,308.25,4.83E-05,1,1,1
752,SCC(C)C,559,558.9998211,0.324567355,361.65,3.20E-05,1,1,1
753,SCc1ccccc1,712,711.9996526,0.324593807,467.65,4.88E-05,1,1,1
754,SCCC,536.6,514.7574071,102.7199137,340.95,4.070554025,0,1,1
755,SCCCC,570.1,555.1499945,0.229771824,371.65,2.622347921,0,1,1
756,SCCCCC,598,597.999928,0.324620402,399.75,1.20E-05,1,1,1
757,SCCCCCC,623,622.9999959,0.324359379,424.15,6.58E-07,1,1,1
758,SCCCCCCC,645,655.7237125,102.6810427,450.15,1.662591085,0,1,1
759,SCCCCCCCC,667.3,682.7934702,102.7048617,472.25,2.321814806,0,1,1
760,SCCCCCCCCC,681,709.4999881,0.229701822,493.15,4.185020279,0,1,1
761,SCCCCCCCCCC,696,696.0003356,0.324385629,513.75,4.82E-05,1,1,1
762,SCCS,663,616.1147937,102.6653066,419.15,7.071675158,0,0,1
,,,,,,,0.697247707,0.9344692,0.99344692
